id,identifier,name,category_id,cost,short_effect
1,master-ball,Master Ball,34,0,Catches a wild Pokémon every time.
2,ultra-ball,Ultra Ball,34,800,Tries to catch a wild Pokémon.  Success rate is 2×.
3,great-ball,Great Ball,34,600,Tries to catch a wild Pokémon.  Success rate is 1.5×.
4,poke-ball,Poké Ball,34,200,Tries to catch a wild Pokémon.
5,safari-ball,Safari Ball,34,0,Tries to catch a wild Pokémon in the Great Marsh or Safari Zone.  Success rate is 1.5×.
6,net-ball,Net Ball,33,1000,Tries to catch a wild Pokémon.  Success rate is 3× for water and bug Pokémon.
7,dive-ball,Dive Ball,33,1000,"Tries to catch a wild Pokémon. Success rate is 3.5× when underwater, fishing, or surfing."
8,nest-ball,Nest Ball,33,1000,"Tries to catch a wild Pokémon.  Success rate is 3.9× for level 1 Pokémon, and drops steadily to 1× at level 30."
9,repeat-ball,Repeat Ball,33,1000,Tries to catch a wild Pokémon.  Success rate is 3× for previously-caught Pokémon.
10,timer-ball,Timer Ball,33,1000,"Tries to catch a wild Pokémon. Success rate increases by 0.1× (Gen V: 0.3×) every turn, to a max of 4×."
11,luxury-ball,Luxury Ball,33,1000,Tries to catch a wild Pokémon.  Caught Pokémon start with 200 happiness.
12,premier-ball,Premier Ball,33,20,Tries to catch a wild Pokémon.
13,dusk-ball,Dusk Ball,33,1000,Tries to catch a wild Pokémon.  Success rate is 3.5× at night and in caves.
14,heal-ball,Heal Ball,33,300,Tries to catch a wild Pokémon.  Caught Pokémon are immediately healed.
15,quick-ball,Quick Ball,33,1000,"Tries to catch a wild Pokémon. Success rate is 4× (Gen V: 5×), but only on the first turn."
16,cherish-ball,Cherish Ball,33,0,Tries to catch a wild Pokémon.
17,potion,Potion,27,200,Restores 20 HP.
18,antidote,Antidote,30,200,Cures poison.
19,burn-heal,Burn Heal,30,300,Cures a burn.
20,ice-heal,Ice Heal,30,100,Cures freezing.
21,awakening,Awakening,30,100,Cures sleep.
22,paralyze-heal,Paralyze Heal,30,300,Cures paralysis.
23,full-restore,Full Restore,27,3000,Restores HP to full and cures any status ailment and confusion.
24,max-potion,Max Potion,27,2500,Restores HP to full.
25,hyper-potion,Hyper Potion,27,1500,Restores 200 HP.
26,super-potion,Super Potion,27,700,Restores 50 HP.
27,full-heal,Full Heal,30,400,Cures any status ailment and confusion.
28,revive,Revive,29,2000,Revives with half HP.
29,max-revive,Max Revive,29,4000,Revives with full HP.
30,fresh-water,Fresh Water,27,200,Restores 50 HP.
31,soda-pop,Soda Pop,27,300,Restores 60 HP.
32,lemonade,Lemonade,27,400,Restores 80 HP.
33,moomoo-milk,Moomoo Milk,27,600,Restores 100 HP.
34,energy-powder,Energy Powder,27,500,"Restores 50 HP, but lowers happiness."
35,energy-root,Energy Root,27,1200,"Restores 200 HP, but lowers happiness."
36,heal-powder,Heal Powder,30,300,"Cures any status ailment, but lowers happiness."
37,revival-herb,Revival Herb,29,2800,"Revives with full HP, but lowers happiness."
38,ether,Ether,28,1200,Restores 10 PP for one move.
39,max-ether,Max Ether,28,2000,Restores PP to full for one move.
40,elixir,Elixir,28,3000,Restores 10 PP for each move.
41,max-elixir,Max Elixir,28,4500,Restores PP to full for each move.
42,lava-cookie,Lava Cookie,30,350,Cures any status ailment and confusion.
43,berry-juice,Berry Juice,27,200,Restores 20 HP.
44,sacred-ash,Sacred Ash,29,50000,Revives all fainted Pokémon with full HP.
45,hp-up,HP Up,26,10000,Raises HP effort and happiness.
46,protein,Protein,26,10000,Raises Attack effort and happiness.
47,iron,Iron,26,10000,Raises Defense effort and happiness.
48,carbos,Carbos,26,10000,Raises Speed effort and happiness.
49,calcium,Calcium,26,10000,Raises Special Attack effort and happiness.
50,rare-candy,Rare Candy,26,10000,Causes a level-up and raises happiness.
51,pp-up,PP Up,26,10000,Raises a move's max PP by 20%.
52,zinc,Zinc,26,10000,Raises Special Defense and happiness.
53,pp-max,PP Max,26,10000,Raises a move's max PP by 60%.
54,old-gateau,Old Gateau,30,350,Cures any status ailment and confusion.
55,guard-spec,Guard Spec.,1,1500,Prevents stat changes in battle for five turns in battle.  Raises happiness.
56,dire-hit,Dire Hit,1,1000,Increases the chance of a critical hit in battle.  Raises happiness.
57,x-attack,X Attack,1,1000,Raises Attack by one stage in battle.  Raises happiness.
58,x-defense,X Defense,1,2000,Raises Defense by one stage in battle.  Raises happiness.
59,x-speed,X Speed,1,1000,Raises Speed by one stage in battle.  Raises happiness.
60,x-accuracy,X Accuracy,1,1000,Raises accuracy by one stage in battle.  Raises happiness.
61,x-sp-atk,X Sp. Atk,1,1000,Raises Special Attack by one stage in battle.  Raises happiness.
62,x-sp-def,X Sp. Def,1,2000,Raises Special Defense by one stage in battle.  Raises happiness.
63,poke-doll,Poké Doll,11,100,Ends a wild battle.
64,fluffy-tail,Fluffy Tail,11,100,Ends a wild battle.
65,blue-flute,Blue Flute,38,20,Cures sleep.
66,yellow-flute,Yellow Flute,38,20,Cures confusion.
67,red-flute,Red Flute,38,20,Cures attraction.
68,black-flute,Black Flute,11,20,Halves the wild Pokémon encounter rate.
69,white-flute,White Flute,11,20,Doubles the wild Pokémon encounter rate.
70,shoal-salt,Shoal Salt,9,20,No effect. Gen III: Trade four and four Shoal Shells for a Shell Bell.
71,shoal-shell,Shoal Shell,9,20,No effect. Gen III: Trade four and four Shoal Salts for a Shell Bell.
72,red-shard,Red Shard,9,1000,No effect. Can be traded for items or moves.
73,blue-shard,Blue Shard,9,1000,No effect. Can be traded for items or moves.
74,yellow-shard,Yellow Shard,9,1000,No effect. Can be traded for items or moves.
75,green-shard,Green Shard,9,1000,No effect. Can be traded for items or moves.
76,super-repel,Super Repel,11,700,"For 200 steps, prevents wild encounters of level lower than your party's lead Pokémon."
77,max-repel,Max Repel,11,900,"For 250 steps, prevents wild encounters of level lower than your party's lead Pokémon."
78,escape-rope,Escape Rope,11,1000,Transports user to the outside entrance of a cave.
79,repel,Repel,11,400,"For 100 steps, prevents wild encounters of level lower than your party's lead Pokémon."
80,sun-stone,Sun Stone,10,3000,"Evolves a Cottonee into Whimsicott, a Gloom into Bellossom, a Petilil into Lilligant, or a Sunkern into Sunflora."
81,moon-stone,Moon Stone,10,3000,"Evolves a Clefairy into Clefable, a Jigglypuff into Wigglytuff, a Munna into Musharna, a Nidorina into Nidoqueen, a Nidorino into Nidoking, or a Skitty into Delcatty."
82,fire-stone,Fire Stone,10,3000,"Evolves an Eevee into Flareon, a Growlithe into Arcanine, a Pansear into Simisear, or a Vulpix into Ninetales."
83,thunder-stone,Thunder Stone,10,3000,"Evolves an Eelektrik into Eelektross, an Eevee into Jolteon, or a Pikachu into Raichu."
84,water-stone,Water Stone,10,3000,"Evolves an Eevee into Vaporeon, a Lombre into Ludicolo, a Panpour into Simipour, a Poliwhirl into Poliwrath, a Shellder into Cloyster, or a Staryu into Starmie."
85,leaf-stone,Leaf Stone,10,3000,"Evolves an Exeggcute into Exeggutor, a Gloom into Vileplume, a Nuzleaf into Shiftry, a Pansage into Simisage, or a Weepinbell into Victreebel."
86,tiny-mushroom,Tiny Mushroom,24,500,"Fire Red and Leaf Green: Trade two for prior Level-up moves. Sell for 250 Pokédollars, or to Hungry Maid for 500 Pokédollars."
87,big-mushroom,Big Mushroom,24,5000,"Fire Red and Leaf Green: Trade for prior Level-up moves. Sell for 2500 Pokédollars, or to Hungry Maid for 5000 Pokédollars."
88,pearl,Pearl,24,2000,"Sell for 700 Pokédollars, or to Ore Collector for 1400 Pokédollars."
89,big-pearl,Big Pearl,24,8000,"Sell for 3750 Pokédollars, or to Ore Collector for 7500 Pokédollars."
90,stardust,Stardust,24,3000,"Sell for 1000 Pokédollars, or to Ore Collector for 2000 Pokédollars."
91,star-piece,Star Piece,24,12000,"Platinum: Trade for one of each color Shard. Black and White: Trade for PP Up. Sell for 4900 Pokédollars, or to Ore Collector for 9800 Pokédollars."
92,nugget,Nugget,24,10000,"Sell for 5000 Pokédollars, or to Ore Collector for 10000 Pokédollars."
93,heart-scale,Heart Scale,9,100,No effect. Can be traded for prior Level-up moves.
94,honey,Honey,35,300,"Attracts wild Pokémon when used in tall grass, caves or on special trees."
95,growth-mulch,Growth Mulch,32,200,"Growing time of berries is reduced, but the soil dries out faster."
96,damp-mulch,Damp Mulch,32,200,"Growing time of berries is increased, but the soil dries out slower."
97,stable-mulch,Stable Mulch,32,200,Berries stay on the plant for longer than their usual time.
98,gooey-mulch,Gooey Mulch,32,200,Berries regrow from dead plants an increased number of times.
99,root-fossil,Root Fossil,35,7000,Can be revived into a Lileep.
100,claw-fossil,Claw Fossil,35,7000,Can be revived into an Anorith.
101,helix-fossil,Helix Fossil,35,7000,Can be revived into an Omanyte.
102,dome-fossil,Dome Fossil,35,7000,Can be revived into a Kabuto.
103,old-amber,Old Amber,35,10000,Can be revived into an Aerodactyl.
104,armor-fossil,Armor Fossil,35,7000,Can be revived into a Shieldon.
105,skull-fossil,Skull Fossil,35,7000,Can be revived into a Cranidos.
106,rare-bone,Rare Bone,24,5000,"Sell for 5000 Pokédollars, or to Bone Man for 10000 Pokédollars."
107,shiny-stone,Shiny Stone,10,3000,"Evolves a Minccino into Cinccino, a Roselia into Roserade, or a Togetic into Togekiss."
108,dusk-stone,Dusk Stone,10,3000,"Evolves a Lampent into Chandelure, a Misdreavus into Mismagius, or a Murkrow into Honchkrow."
109,dawn-stone,Dawn Stone,10,3000,Evolves a male Kirlia into Gallade or a female Snorunt into Froslass.
110,oval-stone,Oval Stone,10,2000,Level-up during Day on a Happiny: Holder evolves into Chansey.
111,odd-keystone,Odd Keystone,35,2100,Use on the tower on Route 209 to encounter Spiritomb if you have at least 32 Underground greetings.
112,adamant-orb,Adamant Orb,18,0,Boosts the damage from Dialga's Dragon-type and Steel-type moves by 20%.
113,lustrous-orb,Lustrous Orb,18,0,Boosts the damage from Palkia's Dragon-type and Water-type moves by 20%.
114,grass-mail,Grass Mail,25,50,Lets a Trainer write a message and send it via Pokémon trade.
115,flame-mail,Flame Mail,25,50,Lets a Trainer write a message and send it via Pokémon trade.
116,bubble-mail,Bubble Mail,25,50,Lets a Trainer write a message and send it via Pokémon trade.
117,bloom-mail,Bloom Mail,25,50,Lets a Trainer write a message and send it via Pokémon trade.
118,tunnel-mail,Tunnel Mail,25,50,Lets a Trainer write a message and send it via Pokémon trade.
119,steel-mail,Steel Mail,25,50,Lets a Trainer write a message and send it via Pokémon trade.
120,heart-mail,Heart Mail,25,50,Lets a Trainer write a message and send it via Pokémon trade.
121,snow-mail,Snow Mail,25,50,Lets a Trainer write a message and send it via Pokémon trade.
122,space-mail,Space Mail,25,50,Lets a Trainer write a message and send it via Pokémon trade.
123,air-mail,Air Mail,25,50,Lets a Trainer write a message and send it via Pokémon trade.
124,mosaic-mail,Mosaic Mail,25,50,Lets a Trainer write a message and send it via Pokémon trade.
125,brick-mail,Brick Mail,25,50,Lets a Trainer write a message and send it via Pokémon trade.
126,cheri-berry,Cheri Berry,3,20,Held: Consumed when paralyzed to cure paralysis.
127,chesto-berry,Chesto Berry,3,20,Held: Consumed when asleep to cure sleep.
128,pecha-berry,Pecha Berry,3,20,Held: Consumed when poisoned to cure poison.
129,rawst-berry,Rawst Berry,3,20,Held: Consumed when burned to cure a burn.
130,aspear-berry,Aspear Berry,3,20,Held: Consumed when frozen to cure frozen.
131,leppa-berry,Leppa Berry,3,20,Held: Consumed when a move runs out of PP to restore its PP by 10.
132,oran-berry,Oran Berry,3,20,Held: Consumed at 1/2 max HP to recover 10 HP.
133,persim-berry,Persim Berry,3,20,Held: Consumed when confused to cure confusion.
134,lum-berry,Lum Berry,3,20,Held: Consumed to cure any status condition or confusion.
135,sitrus-berry,Sitrus Berry,3,20,Held: Consumed at 1/2 max HP to recover 1/4 max HP.
136,figy-berry,Figy Berry,6,20,Held: Consumed at 1/2 max HP to restore 1/8 max HP. Confuses Pokémon that dislike spicy flavor.
137,wiki-berry,Wiki Berry,6,20,Held: Consumed at 1/2 max HP to restore 1/8 max HP. Confuses Pokémon that dislike dry flavor.
138,mago-berry,Mago Berry,6,20,Held: Consumed at 1/2 max HP to restore 1/8 max HP. Confuses Pokémon that dislike sweet flavor.
139,aguav-berry,Aguav Berry,6,20,Held: Consumed at 1/2 max HP to restore 1/8 max HP. Confuses Pokémon that dislike bitter flavor.
140,iapapa-berry,Iapapa Berry,6,20,Held: Consumed at 1/2 max HP to restore 1/8 max HP. Confuses Pokémon that dislike sour flavor.
141,razz-berry,Razz Berry,8,20,Used for creating PokéBlocks and Poffins.
142,bluk-berry,Bluk Berry,8,20,Used for creating PokéBlocks and Poffins.
143,nanab-berry,Nanab Berry,8,20,Used for creating PokéBlocks and Poffins.
144,wepear-berry,Wepear Berry,8,20,Used for creating PokéBlocks and Poffins.
145,pinap-berry,Pinap Berry,8,20,Used for creating PokéBlocks and Poffins.
146,pomeg-berry,Pomeg Berry,2,20,Drops HP Effort Values by 10 and raises happiness.
147,kelpsy-berry,Kelpsy Berry,2,20,Drops Attack Effort Values by 10 and raises happiness.
148,qualot-berry,Qualot Berry,2,20,Drops Defense Effort Values by 10 and raises happiness.
149,hondew-berry,Hondew Berry,2,20,Drops Special Attack Effort Values by 10 and raises happiness.
150,grepa-berry,Grepa Berry,2,20,Drops Special Defense Effort Values by 10 and raises happiness.
151,tamato-berry,Tamato Berry,2,20,Drops Speed Effort Values by 10 and raises happiness.
152,cornn-berry,Cornn Berry,8,20,Used for creating PokéBlocks and Poffins.
153,magost-berry,Magost Berry,8,20,Used for creating PokéBlocks and Poffins.
154,rabuta-berry,Rabuta Berry,8,20,Used for creating PokéBlocks and Poffins.
155,nomel-berry,Nomel Berry,8,20,Used for creating PokéBlocks and Poffins.
156,spelon-berry,Spelon Berry,8,20,Used for creating PokéBlocks and Poffins.
157,pamtre-berry,Pamtre Berry,8,20,Used for creating PokéBlocks and Poffins.
158,watmel-berry,Watmel Berry,8,20,Used for creating PokéBlocks and Poffins.
159,durin-berry,Durin Berry,8,20,Used for creating PokéBlocks and Poffins.
160,belue-berry,Belue Berry,8,20,Used for creating PokéBlocks and Poffins.
161,occa-berry,Occa Berry,7,20,Held: Consumed when struck by a super-effective Fire-type attack to halve the damage.
162,passho-berry,Passho Berry,7,20,Held: Consumed when struck by a super-effective Water-type attack to halve the damage.
163,wacan-berry,Wacan Berry,7,20,Held: Consumed when struck by a super-effective Electric-type attack to halve the damage.
164,rindo-berry,Rindo Berry,7,20,Held: Consumed when struck by a super-effective Grass-type attack to halve the damage.
165,yache-berry,Yache Berry,7,20,Held: Consumed when struck by a super-effective Ice-type attack to halve the damage.
166,chople-berry,Chople Berry,7,20,Held: Consumed when struck by a super-effective Fighting-type attack to halve the damage.
167,kebia-berry,Kebia Berry,7,20,Held: Consumed when struck by a super-effective Poison-type attack to halve the damage.
168,shuca-berry,Shuca Berry,7,20,Held: Consumed when struck by a super-effective Ground-type attack to halve the damage.
169,coba-berry,Coba Berry,7,20,Held: Consumed when struck by a super-effective Flying-type attack to halve the damage.
170,payapa-berry,Payapa Berry,7,20,Held: Consumed when struck by a super-effective Psychic-type attack to halve the damage.
171,tanga-berry,Tanga Berry,7,20,Held: Consumed when struck by a super-effective Bug-type attack to halve the damage.
172,charti-berry,Charti Berry,7,20,Held: Consumed when struck by a super-effective Rock-type attack to halve the damage.
173,kasib-berry,Kasib Berry,7,20,Held: Consumed when struck by a super-effective Ghost-type attack to halve the damage.
174,haban-berry,Haban Berry,7,20,Held: Consumed when struck by a super-effective Dragon-type attack to halve the damage.
175,colbur-berry,Colbur Berry,7,20,Held: Consumed when struck by a super-effective Dark-type attack to halve the damage.
176,babiri-berry,Babiri Berry,7,20,Held: Consumed when struck by a super-effective Steel-type attack to halve the damage.
177,chilan-berry,Chilan Berry,7,20,Held: Consumed when struck by a Normal-type attack to halve the damage.
178,liechi-berry,Liechi Berry,5,20,Held: Consumed at 1/4 max HP to boost Attack.
179,ganlon-berry,Ganlon Berry,5,20,Held: Consumed at 1/4 max HP to boost Defense.
180,salac-berry,Salac Berry,5,20,Held: Consumed at 1/4 max HP to boost Speed.
181,petaya-berry,Petaya Berry,5,20,Held: Consumed at 1/4 max HP to boost Special Attack.
182,apicot-berry,Apicot Berry,5,20,Held: Consumed at 1/4 max HP to boost Special Defense.
183,lansat-berry,Lansat Berry,5,20,Held: Consumed at 1/4 max HP to boost critical hit ratio by two stages.
184,starf-berry,Starf Berry,5,20,Held: Consumed at 1/4 max HP to boost a random stat by two stages.
185,enigma-berry,Enigma Berry,4,20,Held: Consumed when struck by a super-effective attack to restore 1/4 max HP.
186,micle-berry,Micle Berry,5,20,Held: Consumed at 1/4 max HP to boost accuracy of next move by 20%. (Gen IV: Perfect accuracy)
187,custap-berry,Custap Berry,5,20,Held: Consumed at 1/4 max HP when using a move to go first.
188,jaboca-berry,Jaboca Berry,4,20,Held: Consumed to deal 1/8 attacker's max HP when holder is struck by a physical attack.
189,rowap-berry,Rowap Berry,4,20,Held: Consumed to deal 1/8 attacker's max HP when holder is struck by a special attack.
190,bright-powder,Bright Powder,12,4000,Held: Increases the holder's evasion by 1/9 (11 1/9%).
191,white-herb,White Herb,12,4000,Held: Resets all lowered stats to normal at end of turn. Consumed after use.
192,macho-brace,Macho Brace,14,3000,"Held: Holder gains double effort values from battles, but has halved Speed in battle."
193,exp-share,Exp. Share,16,0,Held: Half the experience from a battle is split between Pokémon holding this item.
194,quick-claw,Quick Claw,12,4000,Held: Holder has a 3/16 (18.75%) chance to move first.
195,soothe-bell,Soothe Bell,16,4000,Held: Doubles the happiness earned by the holder.
196,mental-herb,Mental Herb,12,4000,"Held: Consumed to cure infatuation. Gen V: Also removes Taunt, Encore, Torment, Disable, and Cursed Body."
197,choice-band,Choice Band,13,4000,"Held: Increases Attack by 50%, but restricts the holder to only one move."
198,kings-rock,King’s Rock,12,5000,Held: Damaging moves gain a 10% chance to make their target flinch. Traded on a Poliwhirl: Holder evolves into Politoed. Traded on a Slowpoke: Holder evolves into Slowking.
199,silver-powder,Silver Powder,19,1000,Held: Bug-Type moves from holder do 20% more damage.
200,amulet-coin,Amulet Coin,16,10000,Held: Doubles the money earned from a battle. Does not stack with Luck Incense.
201,cleanse-tag,Cleanse Tag,16,5000,Prevents wild encounters of level lower than your party's lead Pokémon.
202,soul-dew,Soul Dew,18,0,Raises Latias and Latios's Special Attack and Special Defense by 50%.
203,deep-sea-tooth,Deep Sea Tooth,18,2000,Doubles Clamperl's Special Attack. Traded on a Clamperl: Holder evolves into Huntail.
204,deep-sea-scale,Deep Sea Scale,18,2000,Doubles Clamperl's Special Defense. Traded on a Clamperl: Holder evolves into Gorebyss.
205,smoke-ball,Smoke Ball,12,4000,Held: Allows the Holder to escape from any wild battle.
206,everstone,Everstone,16,3000,Held: Prevents level-based evolution from occuring.
207,focus-band,Focus Band,12,4000,Held: Holder has 10% chance to survive attacks or self-inflicted damage at 1 HP.
208,lucky-egg,Lucky Egg,16,10000,Held: Increases EXP earned in battle by 50%.
209,scope-lens,Scope Lens,12,4000,Held: Raises the holder's critical hit ratio by one stage.
210,metal-coat,Metal Coat,19,2000,Held: Steel-Type moves from holder do 20% more damage.
211,leftovers,Leftovers,12,4000,Held: Restores 1/16 (6.25%) holder's max HP at the end of each turn.
212,dragon-scale,Dragon Scale,10,2000,Traded on a Seadra: Holder evolves into Kingdra.
213,light-ball,Light Ball,18,1000,Doubles Pikachu's Attack and Special Attack. Breed on Pikachu or Raichu: Pichu Egg will have Volt Tackle.
214,soft-sand,Soft Sand,19,1000,Held: Ground-Type moves from holder do 20% more damage.
215,hard-stone,Hard Stone,19,1000,Held: Rock-Type moves from holder do 20% more damage.
216,miracle-seed,Miracle Seed,19,1000,Held: Grass-Type moves from holder do 20% more damage.
217,black-glasses,Black Glasses,19,1000,Held: Dark-Type moves from holder do 20% more damage.
218,black-belt,Black Belt,19,1000,Held: Fighting-Type moves from holder do 20% more damage.
219,magnet,Magnet,19,1000,Held: Electric-Type moves from holder do 20% more damage.
220,mystic-water,Mystic Water,19,1000,Held: Water-Type moves from holder do 20% more damage.
221,sharp-beak,Sharp Beak,19,1000,Held: Flying-Type moves from holder do 20% more damage.
222,poison-barb,Poison Barb,19,1000,Held: Poison-Type moves from holder do 20% more damage.
223,never-melt-ice,Never-Melt Ice,19,1000,Held: Ice-Type moves from holder do 20% more damage.
224,spell-tag,Spell Tag,19,1000,Held: Ghost-Type moves from holder do 20% more damage.
225,twisted-spoon,Twisted Spoon,19,1000,Held: Psychic-Type moves from holder do 20% more damage.
226,charcoal,Charcoal,19,1000,Held: Fire-Type moves from holder do 20% more damage.
227,dragon-fang,Dragon Fang,19,1000,Held: Dragon-Type moves from holder do 20% more damage.
228,silk-scarf,Silk Scarf,19,1000,Held: Normal-Type moves from holder do 20% more damage.
229,up-grade,Up-Grade,10,2000,Traded on a Porygon: Holder evolves into Porygon2.
230,shell-bell,Shell Bell,12,4000,Held: Holder receives 1/8 of the damage it deals when attacking.
231,sea-incense,Sea Incense,19,2000,Held: Water-Type moves from holder do 20% more damage. Breeding: Marill or Azumarill beget an Azurill Egg.
232,lax-incense,Lax Incense,12,5000,Held: Holder's evasion is increased by 5%. Breeding: Wobbuffet begets a Wynaut Egg.
233,lucky-punch,Lucky Punch,18,1000,Raises Chansey's critical hit ratio by two stages.
234,metal-powder,Metal Powder,18,1000,Raises Ditto's Defense and Special Defense by 50%. The boost is lost after transforming.
235,thick-club,Thick Club,18,1000,Doubles Cubone or Marowak's Attack.
236,stick,Stick,18,1000,Raises Farfetch'd's critical hit ratio by two stages.
237,red-scarf,Red Scarf,36,100,Raises the holder's Coolness while in a contest.
238,blue-scarf,Blue Scarf,36,100,Raises the holder's Beauty while in a contest.
239,pink-scarf,Pink Scarf,36,100,Raises the holder's Cuteness while in a contest.
240,green-scarf,Green Scarf,36,100,Raises the holder's Smartness while in a contest.
241,yellow-scarf,Yellow Scarf,36,100,Raises the holder's Toughness while in a contest.
242,wide-lens,Wide Lens,12,4000,Held: Provides a 1/10 (10%) boost in accuracy to the holder.
243,muscle-band,Muscle Band,12,4000,Held: Boosts the damage of physical moves used by the holder by 10%.
244,wise-glasses,Wise Glasses,12,4000,Held: Boosts the damage of special moves used by the holder by 1/10 (10%).
245,expert-belt,Expert Belt,12,4000,Held: Holder's Super Effective moves do 20% extra damage.
246,light-clay,Light Clay,12,4000,Held: Light Screen and Reflect used by the holder last 8 rounds instead of 5.
247,life-orb,Life Orb,12,4000,"Held: Holder's moves inflict 30% extra damage, but cost 10% max HP."
248,power-herb,Power Herb,12,4000,Held: Both turns of a two-turn charge move happen at once. Consumed upon use.
249,toxic-orb,Toxic Orb,15,4000,Held: Inflicts Toxic on the holder at the end of the turn. Activates after Poison damage would occur.
250,flame-orb,Flame Orb,15,4000,Held: Inflicts Burn on the holder at the end of the turn. Activates after Burn damage would occur.
251,quick-powder,Quick Powder,18,1000,Doubles Ditto's Speed when held. The boost is lost after transforming.
252,focus-sash,Focus Sash,12,4000,"Held: Holder survives any single-hit attack at 1 HP if at max HP, then the item is consumed."
253,zoom-lens,Zoom Lens,12,4000,Held: Provides a 1/5 (20%) boost in accuracy if the holder moves after the target.
254,metronome,Metronome,12,4000,Held: Consectutive uses of the same attack have a cumulative damage boost of 10%. Maximum 100% boost.
255,iron-ball,Iron Ball,15,4000,"Held: Holder's Speed is halved. Negates all Ground-type immunities, and makes Flying-types take neutral damage from Ground-type moves. Arena Trap. Spikes, and Toxic Spikes affect the holder."
256,lagging-tail,Lagging Tail,15,4000,Held: Holder moves last in its priority bracket.
257,destiny-knot,Destiny Knot,12,4000,Held: Infatuates opposing Pokémon when holder is inflicted with infatuation.
258,black-sludge,Black Sludge,12,4000,Held: Poison-type holder recovers 1/16 (6.25%) max HP each turn. Non-Poison-Types take 1/8 (12.5%) max HP damage.
259,icy-rock,Icy Rock,12,4000,Held: Hail by the holder lasts 8 rounds instead of 5.
260,smooth-rock,Smooth Rock,12,4000,Held: Sandstorm by the holder lasts 8 rounds instead of 5.
261,heat-rock,Heat Rock,12,4000,Held: Sunny Day by the holder lasts 8 rounds instead of 5.
262,damp-rock,Damp Rock,12,4000,Held: Rain Dance by the holder lasts 8 rounds instead of 5.
263,grip-claw,Grip Claw,12,4000,Held: Holder's multi-turn trapping moves last 5 turns.
264,choice-scarf,Choice Scarf,13,4000,"Held: Increases Speed by 50%, but restricts the holder to only one move."
265,sticky-barb,Sticky Barb,15,4000,"Held: Holder takes 1/8 (12.5%) its max HP at the end of each turn. When the holder is hit by a contact move, the attacking Pokémon takes 1/8 its max HP in damage and receive the item if not holding one."
266,power-bracer,Power Bracer,14,3000,"Held: Holder gains 4 Attack effort values, but has halved Speed in battle."
267,power-belt,Power Belt,14,3000,"Held: Holder gains 4 Defense effort values, but has halved Speed in battle."
268,power-lens,Power Lens,14,3000,"Held: Holder gains 4 Special Attack effort values, but has halved Speed in battle."
269,power-band,Power Band,14,3000,"Held: Holder gains 4 Special Defense effort values, but has halved Speed in battle."
270,power-anklet,Power Anklet,14,3000,"Held: Holder gains 4 Speed effort values, but has halved Speed in battle."
271,power-weight,Power Weight,14,3000,"Held: Holder gains 4 HP effort values, but has halved Speed in battle."
272,shed-shell,Shed Shell,12,4000,Held: Holder can bypass all trapping effects and switch out. Multi-turn moves still cannot be switched out of.
273,big-root,Big Root,12,4000,"Held: Increases HP recovered from draining moves, Ingrain, and Aqua Ring by 3/10 (30%)."
274,choice-specs,Choice Specs,13,4000,"Held: Increases Special Attack by 50%, but restricts the holder to only one move."
275,flame-plate,Flame Plate,17,1000,Held: Fire-Type moves from holder do 20% more damage. Changes Arceus's and Judgment's type to Fire.
276,splash-plate,Splash Plate,17,1000,Held: Water-Type moves from holder do 20% more damage. Changes Arceus's and Judgment's type to Water.
277,zap-plate,Zap Plate,17,1000,Held: Electric-Type moves from holder do 20% more damage. Changes Arceus's and Judgment's type to Electric.
278,meadow-plate,Meadow Plate,17,1000,Held: Grass-Type moves from holder do 20% more damage. Changes Arceus's and Judgment's type to Grass.
279,icicle-plate,Icicle Plate,17,1000,Held: Ice-Type moves from holder do 20% more damage. Changes Arceus's and Judgment's type to Ice.
280,fist-plate,Fist Plate,17,1000,Held: Fighting-Type moves from holder do 20% more damage. Changes Arceus's and Judgment's type to Fighting.
281,toxic-plate,Toxic Plate,17,1000,Held: Posion-Type moves from holder do 20% more damage. Changes Arceus's and Judgment's type to Posion.
282,earth-plate,Earth Plate,17,1000,Held: Ground-Type moves from holder do 20% more damage. Changes Arceus's and Judgment's type to Ground.
283,sky-plate,Sky Plate,17,1000,Held: Flying-Type moves from holder do 20% more damage. Changes Arceus's and Judgment's type to Flying.
284,mind-plate,Mind Plate,17,1000,Held: Psychic-Type moves from holder do 20% more damage. Changes Arceus's and Judgment's type to Psychic.
285,insect-plate,Insect Plate,17,1000,Held: Bug-Type moves from holder do 20% more damage. Changes Arceus's and Judgment's type to Bug.
286,stone-plate,Stone Plate,17,1000,Held: Rock-Type moves from holder do 20% more damage. Changes Arceus's and Judgment's type to Rock.
287,spooky-plate,Spooky Plate,17,1000,Held: Ghost-Type moves from holder do 20% more damage. Changes Arceus's and Judgment's type to Ghost.
288,draco-plate,Draco Plate,17,1000,Held: Dragon-Type moves from holder do 20% more damage. Changes Arceus's and Judgment's type to Dragon.
289,dread-plate,Dread Plate,17,1000,Held: Dark-Type moves from holder do 20% more damage. Changes Arceus's and Judgment's type to Dark.
290,iron-plate,Iron Plate,17,1000,Held: Steel-Type moves from holder do 20% more damage. Changes Arceus's and Judgment's type to Steel.
291,odd-incense,Odd Incense,19,2000,Held: Psychic-Type moves from holder do 20% more damage. Breeding: Mr. Mime begets a Mime Jr. Egg.
292,rock-incense,Rock Incense,19,2000,Held: Rock-Type moves from holder do 20% more damage. Breeding: Sudowoodo begets a Bonsly Egg.
293,full-incense,Full Incense,15,5000,Held: Holder moves last in its priority bracket. Breeding: Snorlax begets a Munchlax Egg.
294,wave-incense,Wave Incense,19,2000,Held: Water-Type moves from holder do 20% more damage. Breeding: Mantine begets a Mantyke Egg.
295,rose-incense,Rose Incense,19,2000,Held: Grass-Type moves from holder do 20% more damage. Breeding: Roselia or Roserade beget a Budew Egg.
296,luck-incense,Luck Incense,16,11000,Held: Doubles the money earned from a battle. Does not stack with Amulet Coin. Breeding: Chansey and Blissey beget a Happiny Egg.
297,pure-incense,Pure Incense,16,6000,Prevents wild encounters of level lower than your party's lead Pokémon. Breeding: Chimecho begets a Chingling Egg.
298,protector,Protector,10,2000,Traded on a Rhydon: Holder evolves into Rhyperior.
299,electirizer,Electirizer,10,2000,Traded on an Electabuzz: Holder evolves into Electivire.
300,magmarizer,Magmarizer,10,2000,Traded on a Magmar: Holder evolves into Magmortar.
301,dubious-disc,Dubious Disc,10,2000,Traded on a Porygon2: Holder evolves into Porygon-Z.
302,reaper-cloth,Reaper Cloth,10,2000,Traded on a Dusclops: Holder evolves into Dusknoir.
303,razor-claw,Razor Claw,12,5000,Held: Raises the holder's critical hit ratio by one stage. Held by a Sneasel while levelling up at night: Holder evolves into Weavile.
304,razor-fang,Razor Fang,12,5000,Held: Damaging moves gain a 10% chance to make their target flinch. Held by a Gligar while levelling up: Holder evolves into Gliscor.
305,tm01,TM01,37,10000,Teaches Hone Claws to a compatible Pokémon. (Gen IV & III: Focus Punch Gen II: DynamicPunch Gen I: Mega Punch)
306,tm02,TM02,37,10000,Teaches Dragon Claw to a compatible Pokémon. (Gen II: Headbutt Gen I: Razor Wind)
307,tm03,TM03,37,10000,Teaches Psyshock to a compatible Pokémon. (Gen IV & III: Water Pulse Gen II: Curse Gen I: Swords Dance)
308,tm04,TM04,37,10000,Teaches Calm Mind to a compatible Pokémon. (Gen II: Rollout Gen I: Whirlwind)
309,tm05,TM05,37,10000,Teaches Roar to a compatible Pokémon. (Gen I: Mega Kick)
310,tm06,TM06,37,10000,Teaches Toxic to a compatible Pokémon.
311,tm07,TM07,37,50000,Teaches Hail to a compatible Pokémon. (Gen II: Zap Cannon Gen I: Horn Drill)
312,tm08,TM08,37,10000,Teaches Bulk Up to a compatible Pokémon. (Gen II: Rock Smash Gen I: Body Slam)
313,tm09,TM09,37,10000,Teaches Venoshock to a compatible Pokémon. (Gen IV & III: Bullet Seed Gen II: Psych Up Gen I: Take Down)
314,tm10,TM10,37,10000,Teaches Hidden Power to a compatible Pokémon. (Gen I: Double-Edge)
315,tm11,TM11,37,50000,Teaches Sunny Day to a compatible Pokémon. (Gen I: BubbleBeam)
316,tm12,TM12,37,10000,Teaches Taunt to a compatible Pokémon. (Gen II: Sweet Scent Gen I: Water Gun)
317,tm13,TM13,37,10000,Teaches Ice Beam to a compatible Pokémon. (Gen II: Snore)
318,tm14,TM14,37,30000,Teaches Blizzard to a compatible Pokémon.
319,tm15,TM15,37,50000,Teaches Hyper Beam to a compatible Pokémon.
320,tm16,TM16,37,10000,Teaches Light Screen to a compatible Pokémon. (Gen II: Icy Wind Gen I: Pay Day)
321,tm17,TM17,37,10000,Teaches Protect to a compatible Pokémon. (Gen I: Submission)
322,tm18,TM18,37,50000,Teaches Rain Dance to a compatible Pokémon. (Gen I: Counter)
323,tm19,TM19,37,10000,Teaches Telekinesis to a compatible Pokémon. (Gen IV & III & II: Giga Drain Gen I: Seismic Toss)
324,tm20,TM20,37,10000,Teaches Safeguard to a compatible Pokémon. (Gen II: Endure Gen I: Rage)
325,tm21,TM21,37,10000,Teaches Frustration to a compatible Pokémon. (Gen I: Mega Drain)
326,tm22,TM22,37,10000,Teaches SolarBeam to a compatible Pokémon.
327,tm23,TM23,37,10000,Teaches Smack Down to a compatible Pokémon. (Gen IV & III & II: Iron Tail Gen I: Dragon Rage)
328,tm24,TM24,37,10000,Teaches Thunderbolt to a compatible Pokémon. (Gen II: DragonBreath)
329,tm25,TM25,37,30000,Teaches Thunder to a compatible Pokémon.
330,tm26,TM26,37,10000,Teaches Earthquake to a compatible Pokémon.
331,tm27,TM27,37,10000,Teaches Return to a compatible Pokémon. (Gen I: Fissure)
332,tm28,TM28,37,30000,Teaches Dig to a compatible Pokémon.
333,tm29,TM29,37,10000,Teaches Psychic to a compatible Pokémon.
334,tm30,TM30,37,10000,Teaches Shadow Ball to a compatible Pokémon. (Gen I: Teleport)
335,tm31,TM31,37,10000,Teaches Brick Break to a compatible Pokémon. (Gen II: Mud-Slap Gen I: Mimic)
336,tm32,TM32,37,10000,Teaches Double Team to a compatible Pokémon.
337,tm33,TM33,37,10000,Teaches Reflect to a compatible Pokémon. (Gen II: Ice Punch)
338,tm34,TM34,37,10000,Teaches Sludge Wave to a compatible Pokémon. (Gen IV & III: Shock Wave Gen II: Swagger Gen I: Bide)
339,tm35,TM35,37,10000,Teaches Flamethrower to a compatible Pokémon. (Gen II: Sleep Talk Gen I: Metronome)
340,tm36,TM36,37,10000,Teaches Sludge Bomb to a compatible Pokémon. (Gen I: Selfdestruct)
341,tm37,TM37,37,50000,Teaches Sandstorm to a compatible Pokémon. (Gen I: Egg Bomb)
342,tm38,TM38,37,30000,Teaches Fire Blast to a compatible Pokémon.
343,tm39,TM39,37,10000,Teaches Rock Tomb to a compatible Pokémon. (Gen II & I: Swift)
344,tm40,TM40,37,10000,Teaches Aerial Ace to a compatible Pokémon. (Gen II: Defense Curl Gen I: Skull Bash)
345,tm41,TM41,37,10000,Teaches Torment to a compatible Pokémon. (Gen II: ThunderPunch Gen I: Softboiled)
346,tm42,TM42,37,10000,Teaches Facade to a compatible Pokémon. (Gen II & I: Dream Eater)
347,tm43,TM43,37,10000,Teaches Flame Charge to a compatible Pokémon. (Gen IV & III: Secret Power Gen II: Detect Gen I: Sky Attack)
348,tm44,TM44,37,10000,Teaches Rest to a compatible Pokémon.
349,tm45,TM45,37,10000,Teaches Attract to a compatible Pokémon. (Gen I: Thunder Wave)
350,tm46,TM46,37,10000,Teaches Thief to a compatible Pokémon. (Gen I: Psywave)
351,tm47,TM47,37,10000,Teaches Low Sweep to a compatible Pokémon. (Gen IV & III & II: Steel Wing Gen I: Explosion)
352,tm48,TM48,37,10000,Teaches Round to a compatible Pokémon. (Gen IV & III: Skill Swap Gen II: Fire Punch Gen I: Rock Slide)
353,tm49,TM49,37,10000,Teaches Echoed Voice to a compatible Pokémon. (Gen IV & III: Snatch Gen II: Fury Cutter Gen I: Tri Attack)
354,tm50,TM50,37,80000,Teaches Overheat to a compatible Pokémon. (Gen II: Nightmare Gen I: Substitute)
355,tm51,TM51,37,10000,Teaches Ally Switch to a compatible Pokémon. (Gen IV: Roost)
356,tm52,TM52,37,30000,Teaches Focus Blast to a compatible Pokémon.
357,tm53,TM53,37,10000,Teaches Energy Ball to a compatible Pokémon.
358,tm54,TM54,37,10000,Teaches False Swipe to a compatible Pokémon.
359,tm55,TM55,37,10000,Teaches Scald to a compatible Pokémon. (Gen IV: Brine)
360,tm56,TM56,37,10000,Teaches Fling to a compatible Pokémon.
361,tm57,TM57,37,10000,Teaches Charge Beam to a compatible Pokémon.
362,tm58,TM58,37,10000,Teaches Sky Drop to a compatible Pokémon. (Gen IV: Endure)
363,tm59,TM59,37,30000,Teaches Incinerate to a compatible Pokémon. (Gen IV: Dragon Pulse)
364,tm60,TM60,37,10000,Teaches Quash to a compatible Pokémon. (Gen IV: Drain Punch)
365,tm61,TM61,37,10000,Teaches Will-O-Wisp to a compatible Pokémon.
366,tm62,TM62,37,10000,Teaches Acrobatics to a compatible Pokémon. (Gen IV: Silver Wind)
367,tm63,TM63,37,10000,Teaches Embargo to a compatible Pokémon.
368,tm64,TM64,37,10000,Teaches Explosion to a compatible Pokémon.
369,tm65,TM65,37,10000,Teaches Shadow Claw to a compatible Pokémon.
370,tm66,TM66,37,10000,Teaches Payback to a compatible Pokémon.
371,tm67,TM67,37,10000,Teaches Retaliate to a compatible Pokémon. (Gen IV: Recycle)
372,tm68,TM68,37,50000,Teaches Giga Impact to a compatible Pokémon.
373,tm69,TM69,37,10000,Teaches Rock Polish to a compatible Pokémon.
374,tm70,TM70,37,30000,Teaches Flash to a compatible Pokémon.
375,tm71,TM71,37,30000,Teaches Stone Edge to a compatible Pokémon.
376,tm72,TM72,37,10000,Teaches Volt Switch to a compatible Pokémon. (Gen IV: Avalanche)
377,tm73,TM73,37,5000,Teaches Thunder Wave to a compatible Pokémon.
378,tm74,TM74,37,10000,Teaches Gyro Ball to a compatible Pokémon.
379,tm75,TM75,37,10000,Teaches Swords Dance to a compatible Pokémon.
380,tm76,TM76,37,10000,Teaches Struggle Bug to a compatible Pokémon. (Gen IV: Stealth Rock)
381,tm77,TM77,37,10000,Teaches Psych Up to a compatible Pokémon.
382,tm78,TM78,37,10000,Teaches Bulldoze to a compatible Pokémon. (Gen IV: Captivate)
383,tm79,TM79,37,10000,Teaches Frost Breath to a compatible Pokémon. (Gen IV: Dark Pulse)
384,tm80,TM80,37,10000,Teaches Rock Slide to a compatible Pokémon.
385,tm81,TM81,37,10000,Teaches X-Scissor to a compatible Pokémon.
386,tm82,TM82,37,10000,Teaches Dragon Tail to a compatible Pokémon. (Gen IV: Sleep Talk)
387,tm83,TM83,37,10000,Teaches Work Up to a compatible Pokémon. (Gen IV: Natural Gift)
388,tm84,TM84,37,10000,Teaches Poison Jab to a compatible Pokémon.
389,tm85,TM85,37,10000,Teaches Dream Eater to a compatible Pokémon.
390,tm86,TM86,37,10000,Teaches Grass Knot to a compatible Pokémon.
391,tm87,TM87,37,10000,Teaches Swagger to a compatible Pokémon.
392,tm88,TM88,37,10000,Teaches Pluck to a compatible Pokémon.
393,tm89,TM89,37,10000,Teaches U-turn to a compatible Pokémon.
394,tm90,TM90,37,10000,Teaches Substitute to a compatible Pokémon.
395,tm91,TM91,37,10000,Teaches Flash Cannon to a compatible Pokémon.
396,tm92,TM92,37,10000,Teaches Trick Room to a compatible Pokémon.
397,hm01,HM01,37,0,Teaches Cut to a compatible Pokémon.
398,hm02,HM02,37,0,Teaches Fly to a compatible Pokémon.
399,hm03,HM03,37,0,Teaches Surf to a compatible Pokémon.
400,hm04,HM04,37,0,Teaches Strength to a compatible Pokémon.
401,hm05,HM05,37,0,Teaches Waterfall to a compatible Pokémon. (HS: Whirlpool DPP: Defog Gen III & II & I: Flash)
402,hm06,HM06,37,0,Teaches Dive to a compatible Pokémon. (Gen IV & III: Rock Smash Gen II: Whirlpool)
403,hm07,HM07,37,0,Teaches a move to a compatible Pokémon. (Gen IV & III & II: Waterfall)
404,hm08,HM08,37,0,Teaches a move to a compatible Pokémon. (Gen IV: Rock Climb Gen III: Dive)
405,explorer-kit,Explorer Kit,21,0,Allows visiting the Underground.
406,loot-sack,Loot Sack,23,0,Carries coal mine loot.
407,rule-book,Rule Book,23,0,List of battle types and their rules.
408,poke-radar,Poké Radar,21,0,Use to track down rare or shiny Pokémon. 50 steps to recharge.
409,point-card,Point Card,21,0,Keeps count of Battle Points earned.
410,journal,Journal,21,0,Records prior significant activities the player took.
411,seal-case,Seal Case,21,0,Stores Seals that can be applied to Poké Ball capsules.
412,fashion-case,Fashion Case,21,0,Holds Pokémon Accessories for use in Contests.
413,seal-bag,Seal Bag,23,0,Holds ten Seals for Poké Balls.
414,pal-pad,Pal Pad,21,0,Use to record Friend Codes and check your own.
415,works-key,Works Key,22,0,Grants access to Valley Windworks.
416,old-charm,Old Charm,22,0,Trade to Cynthia's grandmother in Celestic Town for HM04 (Surf).
417,galactic-key,Galactic Key,22,0,Grants access to Galactic HQ in Veilstone City.
418,red-chain,Red Chain,23,0,Used to bind Palkia and Dialga.
419,town-map,Town Map,21,0,Use to see the overworld map.
420,vs-seeker,Vs. Seeker,21,0,Allows rebattling of on-screen trainers. 100 steps to recharge.
421,coin-case,Coin Case,21,0,Holds coins for the Game Corner.
422,old-rod,Old Rod,21,0,Used to catch Pokémon in bodies of water.
423,good-rod,Good Rod,21,0,Used to catch Pokémon in bodies of water.
424,super-rod,Super Rod,21,0,Used to catch Pokémon in bodies of water.
425,sprayduck,Sprayduck,21,0,Used to water berries.
426,poffin-case,Poffin Case,21,0,Holds Poffins.
427,bicycle,Bicycle,21,0,Use for fast transit.
428,suite-key,Suite Key,20,0,Opens a locked building in the Lakeside Resort.
429,oaks-letter,Oak’s Letter,20,0,"Allows access to Seabreak path, Flower Paradise, and Shaymin."
430,lunar-wing,Lunar Wing,20,0,Cures sailor's son of nightmares in Canalave City.
431,member-card,Member Card,20,0,Allows access to Newmoon Island and Darkrai.
432,azure-flute,Azure Flute,20,0,Allows entry into the Hall of Origin. Unreleased.
433,ss-ticket,S.S. Ticket,22,0,Ticket for a ship. (RSE: S.S. Tidal LF: S.S. Anne HG: S.S. Aqua)
434,contest-pass,Contest Pass,21,0,Allows participation in Pokémon Contests.
435,magma-stone,Magma Stone,22,0,Magma is sealed inside.
436,parcel,Parcel,22,0,Given to the trainer's rival in Jubilife City. Contains Town Maps.
437,coupon-1,Coupon 1,22,0,The first of three tickets used to obtain a Pokétch.
438,coupon-2,Coupon 2,22,0,The second of three tickets used to obtain a Pokétch.
439,coupon-3,Coupon 3,22,0,The last of three tickets used to obtain a Pokétch.
440,storage-key,Storage Key,22,0,Grants access to the Team Galactic warehouse in Veilstone City.
441,secret-potion,Secret Potion,22,0,Used to heal the Ampharos at the top of Olivine Lighthouse.
442,griseous-orb,Griseous Orb,18,0,"Boosts the damage from Giratina's Dragon-type and Ghost-type moves by 20%, and transforms it into Origin Forme."
443,vs-recorder,Vs. Recorder,21,0,"Records wireless, Wi-Fi, or Battle Frontier battles, and stores points."
444,gracidea,Gracidea,20,0,Changes an unfrozen Shaymin to Sky Forme in the day.
445,secret-key,Secret Key,20,0,Gen IV: The key to Rotom's appliance room. Gen III: The key to Cinnabar Gym.
446,apricorn-box,Apricorn Box,21,0,Holds Apricorns.
447,berry-pots,Berry Pots,21,0,Allows portable berry growing.
448,squirt-bottle,Squirt Bottle,22,0,Use on Sudowoodo blocking the path on Route 36. Also waters berries.
449,lure-ball,Lure Ball,39,0,3× effectiveness while fishing. Made from Blu Apricorn.
450,level-ball,Level Ball,39,0,Success rate based off of fraction target Pokémon is of user's Pokémon. Made from Red Apricorn.
451,moon-ball,Moon Ball,39,0,4× effectiveness on familes of Pokémon with a Moon Stone evolution. Made from Ylw Apricorn.
452,heavy-ball,Heavy Ball,39,0,Has flat bonus or penalty to catch rate depending on weight class of target. Made from Blk Apricorn.
453,fast-ball,Fast Ball,39,0,4× effectiveness on Pokémon with 100 or greater base speed. (Gen II: Roaming or Fleeing Pokémon). Made from Wht Apricorn.
454,friend-ball,Friend Ball,39,0,Caught Pokémon start with 200 happiness. Made from Grn Apricorn.
455,love-ball,Love Ball,39,0,"8× effectiveness on opposite sex, same species targets of the Active Pokémon. Made from Pnk Apricorn."
456,park-ball,Park Ball,34,0,Catches Pokémon in the Pal Park every time.
457,sport-ball,Sport Ball,34,300,Tries to catch a Pokémon in the Bug-Catching contest in National Park. (Gen II: Park Ball)
458,red-apricorn,Red Apricorn,40,20,Used to make a Level Ball.
459,blue-apricorn,Blue Apricorn,40,20,Used to make a Lure Ball.
460,yellow-apricorn,Yellow Apricorn,40,20,Used to make a Moon Ball.
461,green-apricorn,Green Apricorn,40,20,Used to make a Friend Ball.
462,pink-apricorn,Pink Apricorn,40,20,Used to make a Love Ball.
463,white-apricorn,White Apricorn,40,20,Used to make a Fast Ball.
464,black-apricorn,Black Apricorn,40,20,Used to make a Heavy Ball.
465,dowsing-machine,Dowsing Machine,21,0,Use to find hidden items on the field. AKA Itemfinder.
466,rage-candy-bar,Rage Candy Bar,21,350,HS: Traded for TM64. Gen II & Gen V: Acts as a Potion.
467,red-orb,Red Orb,22,0,Summons Groudon to the Embedded Tower.
468,blue-orb,Blue Orb,22,0,Summons Kyogre to the Embedded Tower.
469,jade-orb,Jade Orb,22,0,Summons Rayquaza to the Embedded Tower.
470,enigma-stone,Enigma Stone,20,0,S: Summons Latias H: Summons Latios.
471,unown-report,Unown Report,21,0,Keeps track of Unown types caught.
472,blue-card,Blue Card,21,0,Keeps track of points from Buena's show.
473,slowpoke-tail,Slowpoke Tail,23,0,A tasty tail that sells for a high price.
474,clear-bell,Clear Bell,22,0,HS: Allows Kimono-girls to summon Ho-oh. C: Summons Suicune to the Tin Tower.
475,card-key,Card Key,22,0,HS: Opens doors in the Radio Tower. Gen III: Unlocks Silph Co Doors.
476,basement-key,Basement Key,22,0,HS: Key to the tunnel under Goldenrod City. Gen III: Key to New Mauville.
477,red-scale,Red Scale,22,0,Trade to Mr. Pokémon for an Exp. Share.
478,lost-item,Lost Item,22,0,A Poké Doll lost by the Copycat who lives in Saffron City. Trade for a Pass.
479,pass,Pass,22,0,Grants access to ride the Magnet Train between Goldenrod City and Saffron City.
480,machine-part,Machine Part,22,0,Must be replaced in the Power Plant to power the Magnet Train.
481,silver-wing,Silver Wing,22,0,Summons Lugia to the Whirl Islands.
482,rainbow-wing,Rainbow Wing,22,0,Summons Ho-Oh at the top of the Bell Tower.
483,mystery-egg,Mystery Egg,22,0,Deliver to Professor Elm.
484,gb-sounds,GB Sounds,21,0,Use to listen to GameBoy era audio.
485,tidal-bell,Tidal Bell,22,0,Allows Kimono-girls to summon Lugia.
486,data-card-01,Data Card 01,41,0,Records the number of times the trainer has come in first place overall in the Pokéathlon.
487,data-card-02,Data Card 02,41,0,Records the number of times the trainer has come in last place overall in the Pokéathlon.
488,data-card-03,Data Card 03,41,0,Records the number of times the trainer's Pokémon have dashed in the Pokéathlon.
489,data-card-04,Data Card 04,41,0,Records the number of times the trainer's Pokémon have jumped in the Pokéathlon.
490,data-card-05,Data Card 05,41,0,Records the number of times the trainer has come in first in the Pokéathlon Hurdle Dash.
491,data-card-06,Data Card 06,41,0,Records the number of times the trainer has come in first in the Pokéathlon Relay Run.
492,data-card-07,Data Card 07,41,0,Records the number of times the trainer has come in first in the Pokéathlon Pennant Capture.
493,data-card-08,Data Card 08,41,0,Records the number of times the trainer has come in first in the Pokéathlon Block Smash.
494,data-card-09,Data Card 09,41,0,Records the number of times the trainer has come in first in the Pokéathlon Disc Catch.
495,data-card-10,Data Card 10,41,0,Records the number of times the trainer has come in first in the Pokéathlon Snow Throw.
496,data-card-11,Data Card 11,41,0,Records the number of points the trainer has earned in the Pokéathlon.
497,data-card-12,Data Card 12,41,0,Records the number of times the trainer's Pokémon have messed up in the Pokéathlon.
498,data-card-13,Data Card 13,41,0,Records the number of times the trainer's Pokémon have defeated themselves in the Pokéathlon.
499,data-card-14,Data Card 14,41,0,Records the number of times the trainer's Pokémon have tackled in the Pokéathlon.
500,data-card-15,Data Card 15,41,0,Records the number of times the trainer's Pokémon have fallen in the Pokéathlon.
501,data-card-16,Data Card 16,41,0,Records the number of times the trainer has come in first in the Pokéathlon Ring Drop.
502,data-card-17,Data Card 17,41,0,Records the number of times the trainer has come in first in the Pokéathlon Lamp Jump.
503,data-card-18,Data Card 18,41,0,Records the number of times the trainer has come in first in the Pokéathlon Circle Push.
504,data-card-19,Data Card 19,41,0,Records the number of times the trainer has come in first place overall in the Pokéathlon over wirelss.
505,data-card-20,Data Card 20,41,0,Records the number of times the trainer has come in last place overall in the Pokéathlon over wireless.
506,data-card-21,Data Card 21,41,0,Records the number of times the trainer has come in first across all Pokéathlon events.
507,data-card-22,Data Card 22,41,0,Records the number of times the trainer has come in last across all Pokéathlon events.
508,data-card-23,Data Card 23,41,0,Records the number of times the trainer has switched Pokémon in the Pokéathlon.
509,data-card-24,Data Card 24,41,0,Records the number of times the trainer has come in first in the Pokéathlon Goal Roll.
510,data-card-25,Data Card 25,41,0,Records the number of times the trainer's Pokémon received prizes in the Pokéathlon.
511,data-card-26,Data Card 26,41,0,Records the number of times the trainer has instructed Pokémon in the Pokéathlon.
512,data-card-27,Data Card 27,41,0,Records the total time spent in the Pokéathlon.
513,lock-capsule,Lock Capsule,23,0,Contains TM95 (Snarl).
514,photo-album,Photo Album,23,0,Stores photos from your adventure.
515,orange-mail,Orange Mail,25,50,Lets a Trainer write a message and send it via Pokémon trade.
516,harbor-mail,Harbor Mail,25,50,Lets a Trainer write a message and send it via Pokémon trade.
517,glitter-mail,Glitter Mail,25,50,Lets a Trainer write a message and send it via Pokémon trade.
518,mech-mail,Mech Mail,25,50,Lets a Trainer write a message and send it via Pokémon trade.
519,wood-mail,Wood Mail,25,50,Lets a Trainer write a message and send it via Pokémon trade.
520,wave-mail,Wave Mail,25,50,Lets a Trainer write a message and send it via Pokémon trade.
521,bead-mail,Bead Mail,25,50,Lets a Trainer write a message and send it via Pokémon trade.
522,shadow-mail,Shadow Mail,25,50,Lets a Trainer write a message and send it via Pokémon trade.
523,tropic-mail,Tropic Mail,25,50,Lets a Trainer write a message and send it via Pokémon trade.
524,dream-mail,Dream Mail,25,50,Lets a Trainer write a message and send it via Pokémon trade.
525,fab-mail,Fab Mail,25,50,Lets a Trainer write a message and send it via Pokémon trade.
526,retro-mail,Retro Mail,25,0,Lets a Trainer write a message and send it via Pokémon trade.
527,mach-bike,Mach Bike,21,0,"Faster than the Acro Bike, and can ride up sandy slopes and across cracked floors."
528,acro-bike,Acro Bike,21,0,"More maneuverable than the Mach Bike, and allows hopping along rails."
529,wailmer-pail,Wailmer Pail,21,0,Used to water berries.
530,devon-goods,Devon Goods,22,0,Contains mechanical parts to be delivered to Captain Stern.
531,soot-sack,Soot Sack,21,0,Stores volcanic ash from Route 113.
532,pokeblock-case,Pokéblock Case,21,0,Holds Pokéblocks.
533,letter,Letter,22,0,A letter to Steven from the Devon Corp president.
534,eon-ticket,Eon Ticket,20,0,Provides access to Southern Island and Latias or Latios.
535,scanner,Scanner,22,0,Trade to Captain Stern for a DeepSeaTooth or DeepSeaScale.
536,go-goggles,Go-Goggles,21,0,Allows passage through windy deserts.
537,meteorite,Meteorite,22,0,FL: Deliver to Lostelle's father. RSE: Trade to Professor Cozmo for TM27 (Return).
538,rm-1-key,Rm. 1 Key,22,0,Unlocks room 1 on the Abandoned Ship.
539,rm-2-key,Rm. 2 Key,22,0,Unlocks room 2 on the Abandoned Ship.
540,rm-4-key,Rm. 4 Key,22,0,Unlocks room 4 on the Abandoned Ship.
541,rm-6-key,Rm. 6 Key,22,0,Unlocks room 6 on the Abandoned Ship.
542,devon-scope,Devon Scope,21,0,Allows spotting of invisible Kecleon.
543,oaks-parcel,Oak's Parcel,22,0,Trade to Prof. Oak for a Pokédex.
544,poke-flute,Poké Flute,22,0,"Use to awaken sleeping Pokémon, including Snorlax on roads."
545,bike-voucher,Bike Voucher,22,0,Trade in Cerulean bike shop for a Bicycle.
546,gold-teeth,Gold Teeth,22,0,The Safari Zone Warden's dentures. Trade for HM04 (Strength).
547,lift-key,Lift Key,22,0,Operates the elevator in Team Rocket's Celadon Hideout.
548,silph-scope,Silph Scope,22,0,Used to identify the true forms of ghosts in Pokémon Tower.
549,fame-checker,Fame Checker,21,0,Records information about NPCs.
550,tm-case,TM Case,21,0,Holds TMs.
551,berry-pouch,Berry Pouch,21,0,Holds berries.
552,teachy-tv,Teachy TV,21,0,Teachers basic trainer advice.
553,tri-pass,Tri-Pass,22,0,Grants access to the first three Sevii Islands.
554,rainbow-pass,Rainbow Pass,22,0,Grants access to all of the Sevii Islands.
555,tea,Tea,22,0,Grants access to Saffron City.
556,mysticticket,MysticTicket,20,0,Allows access to Navel Rock and Lugia or Ho-oh.
557,auroraticket,AuroraTicket,20,0,Allows access to Birth Island and Deoxys.
558,powder-jar,Powder Jar,21,0,Stores Berry Powder made using a Berry Crusher.
559,ruby,Ruby,22,0,Give to Celio with Sapphire to activate Network Machine and get Rainbow Pass.
560,sapphire,Sapphire,22,0,Give to Celio with Ruby to activate Network Machine and get Rainbow Pass.
561,magma-emblem,Magma Emblem,22,0,Provides access to the Team Magma Hideout in the Jagged Pass.
562,old-sea-map,Old Sea Map,20,0,Allows access to Faraway Island and Mew. Unreleased outside of Japan.
563,douse-drive,Douse Drive,18,0,"Grants Genesect a blue, Water-type Techno Blast."
564,shock-drive,Shock Drive,18,0,"Grants Genesect a yellow, Electric-type Techno Blast."
565,burn-drive,Burn Drive,18,0,"Grants Genesect a red, Fire-type Techno Blast."
566,chill-drive,Chill Drive,18,0,"Grants Genesect a white, Ice-type Techno Blast."
567,sweet-heart,Sweet Heart,27,3000,Restores 20 HP.
568,greet-mail,Greet Mail,25,50,Lets a Trainer write a message and send it via Pokémon trade.
569,favored-mail,Favored Mail,25,50,Lets a Trainer write a message and send it via Pokémon trade.
570,rsvp-mail,RSVP Mail,25,50,Lets a Trainer write a message and send it via Pokémon trade.
571,thanks-mail,Thanks Mail,25,50,Lets a Trainer write a message and send it via Pokémon trade.
572,inquiry-mail,Inquiry Mail,25,50,Lets a Trainer write a message and send it via Pokémon trade.
573,like-mail,Like Mail,25,50,Lets a Trainer write a message and send it via Pokémon trade.
574,reply-mail,Reply Mail,25,50,Lets a Trainer write a message and send it via Pokémon trade.
575,bridge-mail-s,Bridge Mail S,25,50,Lets a Trainer write a message and send it via Pokémon trade.
576,bridge-mail-d,Bridge Mail D,25,50,Lets a Trainer write a message and send it via Pokémon trade.
577,bridge-mail-t,Bridge Mail T,25,50,Lets a Trainer write a message and send it via Pokémon trade.
578,bridge-mail-v,Bridge Mail V,25,50,Lets a Trainer write a message and send it via Pokémon trade.
579,bridge-mail-m,Bridge Mail M,25,50,Lets a Trainer write a message and send it via Pokémon trade.
580,prism-scale,Prism Scale,10,2000,Traded on a Feebas: Holder evolves into Milotic.
581,eviolite,Eviolite,12,4000,"Held: Holder has 1.5× Defense and Special Defense, as long as it's not fully evolved."
582,float-stone,Float Stone,12,4000,Held: Holder has 0.5× weight.
583,rocky-helmet,Rocky Helmet,12,4000,"Held: When the holder is hit by a contact move, the attacking Pokémon takes 1/6 its max HP in damage."
584,air-balloon,Air Balloon,12,4000,"Held: Grants immunity to Ground-type moves, Spikes, and Toxic Spikes. Consumed when the holder takes damage from a move."
585,red-card,Red Card,12,4000,"Held: When the holder takes damage from a move, the opponent switches out for another random party Pokémon. Consumed after use."
586,ring-target,Ring Target,12,4000,Held: Negates the holder's type immunities. Ability immunities are not removed.
587,binding-band,Binding Band,12,4000,Held: Doubles the per-turn damage of multi-turn trapping moves.
588,absorb-bulb,Absorb Bulb,12,4000,Held: Raises the holder's Special Attack by one stage when it takes Water-type damage.
589,cell-battery,Cell Battery,12,4000,Held: Raises the holder's Attack by one stage when it takes Electric-type damage.
590,eject-button,Eject Button,12,4000,"Held: When the holder takes damage from a move, it switches out for a party Pokémon of the Trainer's choice."
591,fire-gem,Fire Gem,42,200,"Held: When the holder uses a damaging []{type:fire}-type move, the move has 1.5× power and this item is consumed."
592,water-gem,Water Gem,42,200,"Held: When the holder uses a damaging []{type:water}-type move, the move has 1.5× power and this item is consumed."
593,electric-gem,Electric Gem,42,200,"Held: When the holder uses a damaging []{type:electric}-type move, the move has 1.5× power and this item is consumed."
594,grass-gem,Grass Gem,42,200,"Held: When the holder uses a damaging []{type:grass}-type move, the move has 1.5× power and this item is consumed."
595,ice-gem,Ice Gem,42,200,"Held: When the holder uses a damaging []{type:ice}-type move, the move has 1.5× power and this item is consumed."
596,fighting-gem,Fighting Gem,42,200,"Held: When the holder uses a damaging []{type:fighting}-type move, the move has 1.5× power and this item is consumed."
597,poison-gem,Poison Gem,42,200,"Held: When the holder uses a damaging []{type:poison}-type move, the move has 1.5× power and this item is consumed."
598,ground-gem,Ground Gem,42,200,"Held: When the holder uses a damaging []{type:ground}-type move, the move has 1.5× power and this item is consumed."
599,flying-gem,Flying Gem,42,200,"Held: When the holder uses a damaging []{type:flying}-type move, the move has 1.5× power and this item is consumed."
600,psychic-gem,Psychic Gem,42,200,"Held: When the holder uses a damaging []{type:psychic}-type move, the move has 1.5× power and this item is consumed."
601,bug-gem,Bug Gem,42,200,"Held: When the holder uses a damaging []{type:bug}-type move, the move has 1.5× power and this item is consumed."
602,rock-gem,Rock Gem,42,200,"Held: When the holder uses a damaging []{type:rock}-type move, the move has 1.5× power and this item is consumed."
603,ghost-gem,Ghost Gem,42,200,"Held: When the holder uses a damaging []{type:ghost}-type move, the move has 1.5× power and this item is consumed."
604,dark-gem,Dark Gem,42,200,"Held: When the holder uses a damaging []{type:dark}-type move, the move has 1.5× power and this item is consumed."
605,steel-gem,Steel Gem,42,200,"Held: When the holder uses a damaging []{type:steel}-type move, the move has 1.5× power and this item is consumed."
606,health-wing,Health Wing,26,300,Increases [HP]{mechanic:hp} [effort]{mechanic:effort} by 1.
607,muscle-wing,Muscle Wing,26,300,Increases [Attack]{mechanic:attack} [effort]{mechanic:effort} by 1.
608,resist-wing,Resist Wing,26,300,Increases [Defense]{mechanic:defense} [effort]{mechanic:effort} by 1.
609,genius-wing,Genius Wing,26,300,Increases [Special Attack]{mechanic:special-attack} [effort]{mechanic:effort} by 1.
610,clever-wing,Clever Wing,26,300,Increases [Special Defense]{mechanic:special-defense} [effort]{mechanic:effort} by 1.
611,swift-wing,Swift Wing,26,300,Increases [Speed]{mechanic:speed} [effort]{mechanic:effort} by 1.
612,pretty-wing,Pretty Wing,24,1000,Sell for 100 Pokédollars.
613,cover-fossil,Cover Fossil,35,7000,Can be revived into a []{pokemon:tirtouga}.
614,plume-fossil,Plume Fossil,35,7000,Can be revived into a []{pokemon:archen}.
615,liberty-pass,Liberty Pass,20,0,Allows access to Liberty Garden and Victini.
616,pass-orb,Pass Orb,12,200,Activates Pass Powers.
617,dream-ball,Dream Ball,33,0,Catches Pokémon found in the Dream World.
618,poke-toy,Poké Toy,11,100,Ends a wild battle.
619,prop-case,Prop Case,21,0,Stores props for the Pokémon Musical.
620,dragon-skull,Dragon Skull,22,0,Return to the museum in Nacrene City.
621,balm-mushroom,Balm Mushroom,24,15000,Sell to Hungry Maid for 25000 Pokédollars.
622,big-nugget,Big Nugget,24,40000,Sell to Ore Collector for 30000 Pokédollars.
623,pearl-string,Pearl String,24,30000,Sell to Ore Collector for 25000 Pokédollars.
624,comet-shard,Comet Shard,24,60000,Sell to Ore Collector for 60000 Pokédollars.
625,relic-copper,Relic Copper,24,0,Sell to Villa Owner for 1000 Pokédollars.
626,relic-silver,Relic Silver,24,0,Sell to Villa Owner 5000 Pokédollars.
627,relic-gold,Relic Gold,24,60000,Sell to Villa Owner 10000 Pokédollars.
628,relic-vase,Relic Vase,24,0,Sell to Villa Owner 50000 Pokédollars.
629,relic-band,Relic Band,24,0,Sell to Villa Owner for 100000 Pokédollars.
630,relic-statue,Relic Statue,24,0,Sell to Villa Owner 200000 Pokédollars.
631,relic-crown,Relic Crown,24,0,Sell to Villa Owner for 300000 Pokédollars.
632,casteliacone,Casteliacone,30,350,Cures any status ailment and confusion.
633,dire-hit-2,Dire Hit 2,43,0,Raises [critical hit]{mechanic:critical-hit} rate by two [stages]{mechanic:stage} in battle.  Wonder Launcher only.
634,x-speed-2,X Speed 2,43,0,Raises [Speed]{mechanic:speed} by two [stages]{mechanic:stage} in battle.  Wonder Launcher only.
635,x-sp-atk-2,X Sp. Atk 2,43,0,Raises [Special Attack]{mechanic:special-attack} by two [stages]{mechanic:stage} in battle.  Wonder Launcher only.
636,x-sp-def-2,X Sp. Def 2,43,0,Raises [Special Defense]{mechanic:special-defense} by two [stages]{mechanic:stage} in battle.  Wonder Launcher only.
637,x-defense-2,X Defense 2,43,0,Raises [Defense]{mechanic:defense} by two [stages]{mechanic:stage} in battle.  Wonder Launcher only.
638,x-attack-2,X Attack 2,43,0,Raises [Attack]{mechanic:attack} by two [stages]{mechanic:stage} in battle.  Wonder Launcher only.
639,x-accuracy-2,X Accuracy 2,43,0,Raises [accuracy]{mechanic:accuracy} by two [stages]{mechanic:stage} in battle.  Wonder Launcher only.
640,x-speed-3,X Speed 3,43,0,Raises [Speed]{mechanic:speed} by three [stages]{mechanic:stage} in battle.  Wonder Launcher only.
641,x-sp-atk-3,X Sp. Atk 3,43,0,Raises [Special Attack]{mechanic:special-attack} by three [stages]{mechanic:stage} in battle.  Wonder Launcher only.
642,x-sp-def-3,X Sp. Def 3,43,0,Raises [Special Defense]{mechanic:special-defense} by three [stages]{mechanic:stage} in battle.  Wonder Launcher only.
643,x-defense-3,X Defense 3,43,0,Raises [Defense]{mechanic:defense} by three [stages]{mechanic:stage} in battle.  Wonder Launcher only.
644,x-attack-3,X Attack 3,43,0,Raises [Attack]{mechanic:attack} by three [stages]{mechanic:stage} in battle.  Wonder Launcher only.
645,x-accuracy-3,X Accuracy 3,43,0,Raises [accuracy]{mechanic:accuracy} by three [stages]{mechanic:stage} in battle.  Wonder Launcher only.
646,x-speed-6,X Speed 6,43,0,Raises [Speed]{mechanic:speed} by six [stages]{mechanic:stage} in battle.  Wonder Launcher only.
647,x-sp-atk-6,X Sp. Atk 6,43,0,Raises [Special Attack]{mechanic:special-attack} by six [stages]{mechanic:stage} in battle.  Wonder Launcher only.
648,x-sp-def-6,X Sp. Def 6,43,0,Raises [Special Defense]{mechanic:special-defense} by six [stages]{mechanic:stage} in battle.  Wonder Launcher only.
649,x-defense-6,X Defense 6,43,0,Raises [Defense]{mechanic:defense} by six [stages]{mechanic:stage} in battle.  Wonder Launcher only.
650,x-attack-6,X Attack 6,43,0,Raises [Attack]{mechanic:attack} by six [stages]{mechanic:stage} in battle.  Wonder Launcher only.
651,x-accuracy-6,X Accuracy 6,43,0,Raises [accuracy]{mechanic:accuracy} by six [stages]{mechanic:stage} in battle.  Wonder Launcher only.
652,ability-urge,Ability Urge,43,0,Forcibly activates a friendly Pokémon's ability.
653,item-drop,Item Drop,43,0,Forces a friendly Pokémon to drop its held item.
654,item-urge,Item Urge,43,0,Forcibly activates a friendly Pokémon's held item.
655,reset-urge,Reset Urge,43,0,Resets a friendly Pokémon's stat changes.
656,dire-hit-3,Dire Hit 3,43,0,Raises [critical hit]{mechanic:critical-hit} rate by three [stages]{mechanic:stage} in battle.  Wonder Launcher only.
657,light-stone,Light Stone,22,0,Summons Reshiram for the final battle against N.
658,dark-stone,Dark Stone,22,0,Summons Zekrom for the final battle against N.
659,tm93,TM93,37,50000,Teaches Wild Charge to a compatible Pokémon.
660,tm94,TM94,37,30000,Teaches Rock Smash to a compatible Pokémon.
661,tm95,TM95,37,10000,Teaches Snarl to a compatible Pokémon.
662,xtransceiver,Xtransceiver,21,0,Makes four-way video calls.
663,god-stone,god stone,23,0,Unknown.  Currently unused.
664,gram-1,Gram 1,22,0,Part of a sidequest to obtain []{item:tm89}.
665,gram-2,Gram 2,22,0,Part of a sidequest to obtain []{item:tm89}.
666,gram-3,Gram 3,22,0,Part of a sidequest to obtain []{item:tm89}.
668,dragon-gem,Dragon Gem,42,200,"Held: When the holder uses a damaging []{type:dragon}-type move, the move has 1.5× power and this item is consumed."
669,normal-gem,Normal Gem,42,4000,"Held: When the holder uses a damaging []{type:normal}-type move, the move has 1.5× power and this item is consumed."
670,medal-box,Medal Box,21,0,Holds medals recieved in the medal rally.
671,dna-splicers,DNA Splicers,21,0,"Fuses Kyurem with Reshiram or Zekrom, or splits them apart again."
673,permit,Permit,21,0,Grants access to the Nature Preserve.
674,oval-charm,Oval Charm,21,0,Doubles the chance of two Pokémon producing an egg at the daycare every 255 steps.
675,shiny-charm,Shiny Charm,21,0,Raises the chance of finding a shiny Pokémon.
676,plasma-card,Plasma Card,22,0,Required to progress in the Plasma Frigate.
677,grubby-hanky,Grubby Hanky,22,0,Appears in the Café Warehouse on Sunday; return to the customer with a Patrat on Thursday.
678,colress-machine,Colress Machine,22,0,Wakes up the Crustle blocking the way in Seaside Cave.
679,dropped-item,Dropped Item,22,0,Returned to Curtis or Yancy as part of a sidequest.
681,reveal-glass,Reveal Glass,21,0,"Switches Tornadus, Thundurus, and Landorus between Incarnate and Therian Forme."
682,weakness-policy,Weakness Policy,12,1000,"Held: When the holder is hit by a super effective move, its Attack and Special Attack raise by two stages."
683,assault-vest,Assault Vest,12,1000,Raises the holder's Special Defense to 1.5×.  Prevents the holder from selecting a status move.
684,pixie-plate,Pixie Plate,17,1000,Held: Fairy-Type moves from holder do 20% more damage. Changes Arceus's and Judgment's type to Fairy.
685,ability-capsule,Ability Capsule,26,10000,Switches a Pokémon between its two possible (non-Hidden) Abilities.
686,whipped-dream,Whipped Dream,10,2000,Traded on a Swirlix: Holder evolves into Slurpuff.
687,sachet,Sachet,10,2000,Traded on a Spritzee: Holder evolves into Aromatisse.
688,luminous-moss,Luminous Moss,12,4000,"Held: If the holder is hit by a damaging Water move, raises its Special Defense by one stage."
689,snowball,Snowball,12,4000,"Held: If the holder is hit by a damaging Ice move, raises its Attack by one stage."
690,safety-goggles,Safety Goggles,12,4000,Held: Prevents damage from powder moves and the damage from Hail and Sandstorm.
691,rich-mulch,Rich Mulch,32,200,Increases the total number of Berries by 2.
692,surprise-mulch,Surprise Mulch,32,200,Increases the chance of Berry mutation.
693,boost-mulch,Boost Mulch,32,200,Causes soil to dry out in 4 hours.
694,amaze-mulch,Amaze Mulch,32,200,"Increases the total number of Berries by 2, increases the chance of Berry mutation, and causes soil to dry out in 4 hours."
695,gengarite,Gengarite,44,0,Held: Allows Gengar to Mega Evolve into Mega Gengar.
696,gardevoirite,Gardevoirite,44,0,Held: Allows Gardevoir to Mega Evolve into Mega Gardevoir.
697,ampharosite,Ampharosite,44,0,Held: Allows Ampharos to Mega Evolve into Mega Ampharos.
698,venusaurite,Venusaurite,44,0,Held: Allows Venusaur to Mega Evolve into Mega Venusaur.
699,charizardite-x,Charizardite X,44,0,Held: Allows Charizard to Mega Evolve into Mega Charizard X.
700,blastoisinite,Blastoisinite,44,0,Held: Allows Blastoise to Mega Evolve into Mega Blastoise.
701,mewtwonite-x,Mewtwonite X,44,0,Held: Allows Mewtwo to Mega Evolve into Mega Mewtwo X.
702,mewtwonite-y,Mewtwonite Y,44,0,Held: Allows Mewtwo to Mega Evolve into Mega Mewtwo Y.
703,blazikenite,Blazikenite,44,0,Held: Allows Blaziken to Mega Evolve into Mega Blaziken.
704,medichamite,Medichamite,44,0,Held: Allows Medicham to Mega Evolve into Mega Medicham.
705,houndoominite,Houndoominite,44,0,Held: Allows Houndoom to Mega Evolve into Mega Houndoom.
706,aggronite,Aggronite,44,0,Held: Allows Aggron to Mega Evolve into Mega Aggron.
707,banettite,Banettite,44,0,Held: Allows Banette to Mega Evolve into Mega Banette.
708,tyranitarite,Tyranitarite,44,0,Held: Allows Tyranitar to Mega Evolve into Mega Tyranitar.
709,scizorite,Scizorite,44,0,Held: Allows Scizor to Mega Evolve into Mega Scizor.
710,pinsirite,Pinsirite,44,0,Held: Allows Pinsir to Mega Evolve into Mega Pinsir.
711,aerodactylite,Aerodactylite,44,0,Held: Allows Aerodactyl to Mega Evolve into Mega Aerodactyl.
712,lucarionite,Lucarionite,44,0,Held: Allows Lucario to Mega Evolve into Mega Lucario.
713,abomasite,Abomasite,44,0,Held: Allows Abomasnow to Mega Evolve into Mega Abomasnow.
714,kangaskhanite,Kangaskhanite,44,0,Held: Allows Kangaskhan to Mega Evolve into Mega Kangaskhan.
715,gyaradosite,Gyaradosite,44,0,Held: Allows Gyarados to Mega Evolve into Mega Gyarados.
716,absolite,Absolite,44,0,Held: Allows Absol to Mega Evolve into Mega Absol.
717,charizardite-y,Charizardite Y,44,0,Held: Allows Charizard to Mega Evolve into Mega Charizard Y.
718,alakazite,Alakazite,44,0,Held: Allows Alakazam to Mega Evolve into Mega Alakazam.
719,heracronite,Heracronite,44,0,Held: Allows Heracross to Mega Evolve into Mega Heracross.
720,mawilite,Mawilite,44,0,Held: Allows Mawile to Mega Evolve into Mega Mawile.
721,manectite,Manectite,44,0,Held: Allows Manectric to Mega Evolve into Mega Manectric.
722,garchompite,Garchompite,44,0,Held: Allows Garchomp to Mega Evolve into Mega Garchomp.
723,roseli-berry,Roseli Berry,7,20,Held: Consumed when struck by a super-effective Fairy-type attack to halve the damage.
724,kee-berry,Kee Berry,4,20,"Held: When the holder is hit by a physical move, increases its Defense by one stage."
725,maranga-berry,Maranga Berry,4,20,"Held: When the holder is hit by a special move, increases its Special Defense by one stage."
726,discount-coupon,Discount Coupon,24,20,Can be used at a boutique for a 50% discount.  Consumed once used.
727,strange-souvenir,Strange Souvenir,24,3000,Vendor trash.
728,lumiose-galette,Lumiose Galette,30,350,Cures all major status ailments and confusion.
729,jaw-fossil,Jaw Fossil,35,7000,Can be revived into a Tyrunt.
730,sail-fossil,Sail Fossil,35,7000,Can be revived into an Amaura.
731,fairy-gem,Fairy Gem,42,200,"Held: When the holder uses a damaging Fairy move, the move has 1.5× power and this item is consumed."
732,adventure-rules,Adventure Rules,21,0,Contains basic gameplay information.
733,elevator-key,Elevator Key,22,0,Unlocks the elevator in Lysandre Labs.
734,holo-caster,Holo Caster,21,0,Displays cutscene conversations as the plot advances.
735,honor-of-kalos,Honor of Kalos,22,0,"Does nothing, but signifies becoming Champion."
736,intriguing-stone,Intriguing Stone,22,0,"Trade for a Sun Stone in X and Y, or Pidgeotite in Omega Ruby and Alpha Sapphire."
737,lens-case,Lens Case,21,0,Allows the player to change their eye color.
738,looker-ticket,Looker Ticket,22,0,Advances the Looker postgame plot.
739,mega-ring,Mega Ring,21,0,Allows the player's Pokémon to Mega Evolve.
740,power-plant-pass,Power Plant Pass,22,0,Permits entry to the Kalos Power Plant.
741,profs-letter,Prof’s Letter,22,0,Traded to the player's mom for the Town Map and a Potion.
742,roller-skates,Roller Skates,21,0,Allows the player to move quickly and off the grid.
743,sprinklotad,Sprinklotad,21,0,Waters Berry plants.
744,tmv-pass,TMV Pass,21,0,Permits access to Kiloude City.
745,tm96,TM96,37,10000,Teaches a Pokémon TM96.
746,tm97,TM97,37,10000,Teaches a Pokémon TM97.
747,tm98,TM98,37,30000,Teaches a Pokémon TM98.
748,tm99,TM99,37,10000,Teaches a Pokémon TM99.
749,tm100,TM100,37,5000,Teaches a Pokémon TM100.
760,latiasite,Latiasite,44,0,Held: Allows Latias to Mega Evolve into Mega Latias.
761,latiosite,Latiosite,44,0,Held: Allows Latios to Mega Evolve into Mega Latios.
762,common-stone,Common Stone,23,0,Unknown.
763,makeup-bag,Makeup Bag,21,0,Allows the player to change their lipstick color.
764,travel-trunk,Travel Trunk,23,0,"Unobtainable, but allows the player to change clothes anywhere."
765,shalour-sable,Shalour Sable,30,350,Cures any major status ailment and confusion.
768,mega-charm,Mega Charm,23,0,Unused Key Stone.
769,mega-glove,Mega Glove,23,0,Unused NPC Key Stone.
770,devon-parts,Devon Parts,22,0,Allows Captain Stern to set out on his expedition.
772,pokeblock-kit,Pokéblock Kit,21,0,Creates and stores Pokéblocks.
773,key-to-room-1,Key to Room 1,22,0,Unlocks the door to Room 1 in Sea Mauville.
774,key-to-room-2,Key to Room 2,22,0,Unlocks the door to Room 2 in Sea Mauville.
775,key-to-room-4,Key to Room 4,22,0,Unlocks the door to Room 4 in Sea Mauville.
776,key-to-room-6,Key to Room 6,22,0,Unlocks the door to Room 6 in Sea Mauville.
779,devon-scuba-gear,Devon Scuba Gear,22,0,Worn by the player while underwater.
780,contest-costume--jacket,Contest Costume,21,0,Worn during Pokémon Contests.
782,magma-suit,Magma Suit,22,0,Allows the player to ride Groudon in the Cave of Origin.
783,aqua-suit,Aqua Suit,22,0,Allows the player to ride Kyogre in the Cave of Origin.
784,pair-of-tickets,Pair of Tickets,22,0,Allows the player and their mother to see the star show in the Mossdeep Space Center.
785,mega-bracelet,Mega Bracelet,21,0,Allows the player's Pokémon to Mega Evolve.
786,mega-pendant,Mega Pendant,23,0,Unused NPC Key Stone.
787,mega-glasses,Mega Glasses,23,0,Unused NPC Key Stone.
788,mega-anchor,Mega Anchor,23,0,Unused NPC Key Stone.
789,mega-stickpin,Mega Stickpin,23,0,Unused NPC Key Stone.
790,mega-tiara,Mega Tiara,23,0,Unused NPC Key Stone.
791,mega-anklet,Mega Anklet,23,0,Unused NPC Key Stone.
793,swampertite,Swampertite,44,0,Held: Allows Swampert to Mega Evolve into Mega Swampert.
794,sceptilite,Sceptilite,44,0,Held: Allows Sceptile to Mega Evolve into Mega Sceptile.
795,sablenite,Sablenite,44,0,Held: Allows Sableye to Mega Evolve into Mega Sableye.
796,altarianite,Altarianite,44,0,Held: Allows Altaria to Mega Evolve into Mega Altaria.
797,galladite,Galladite,44,0,Held: Allows Gallade to Mega Evolve into Mega Gallade.
798,audinite,Audinite,44,0,Held: Allows Audino to Mega Evolve into Mega Audino.
799,metagrossite,Metagrossite,44,0,Held: Allows Metagross to Mega Evolve into Mega Metagross.
800,sharpedonite,Sharpedonite,44,0,Held: Allows Sharpedo to Mega Evolve into Mega Sharpedo.
801,slowbronite,Slowbronite,44,0,Held: Allows Slowbro to Mega Evolve into Mega Slowbro.
802,steelixite,Steelixite,44,0,Held: Allows Steelix to Mega Evolve into Mega Steelix.
803,pidgeotite,Pidgeotite,44,0,Held: Allows Pidgeot to Mega Evolve into Mega Pidgeot.
804,glalitite,Glalitite,44,0,Held: Allows Glalie to Mega Evolve into Mega Glalie.
805,diancite,Diancite,44,0,Held: Allows Diancie to Mega Evolve into Mega Diancie.
806,prison-bottle,Prison Bottle,21,0,Transforms Hoopa into its Unbound form for up to three days.
807,mega-cuff,Mega Cuff,23,0,Unused Key Stone.
808,cameruptite,Cameruptite,44,0,Held: Allows Camerupt to Mega Evolve into Mega Camerupt.
809,lopunnite,Lopunnite,44,0,Held: Allows Lopunny to Mega Evolve into Mega Lopunny.
810,salamencite,Salamencite,44,0,Held: Allows Salamence to Mega Evolve into Mega Salamence.
811,beedrillite,Beedrillite,44,0,Held: Allows Beedrill to Mega Evolve into Mega Beedrill.
814,key-stone,Key Stone,21,0,Allows the player's Pokémon to Mega Evolve.
815,meteorite-shard,Meteorite Shard,22,0,"Causes the Meteorite to transform to its final form, allowing Rayquaza to Mega Evolve."
816,eon-flute,Eon Flute,21,0,Summons Latias or Latios for a ride.
817,normalium-z--held,Normalium Z,46,0,Held: Allows a Pokémon to use the Z-move equivalents of its Normal moves.
818,firium-z--held,Firium Z,46,0,Held: Allows a Pokémon to use the Z-move equivalents of its Fire moves.
819,waterium-z--held,Waterium Z,46,0,Held: Allows a Pokémon to use the Z-move equivalents of its Water moves.
820,electrium-z--held,Electrium Z,46,0,Held: Allows a Pokémon to use the Z-move equivalents of its Electric moves.
821,grassium-z--held,Grassium Z,46,0,Held: Allows a Pokémon to use the Z-move equivalents of its Grass moves.
822,icium-z--held,Icium Z,46,0,Held: Allows a Pokémon to use the Z-move equivalents of its Ice moves.
823,fightinium-z--held,Fightinium Z,46,0,Held: Allows a Pokémon to use the Z-move equivalents of its Fighting moves.
824,poisonium-z--held,Poisonium Z,46,0,Held: Allows a Pokémon to use the Z-move equivalents of its Poison moves.
825,groundium-z--held,Groundium Z,46,0,Held: Allows a Pokémon to use the Z-move equivalents of its Ground moves.
826,flyinium-z--held,Flyinium Z,46,0,Held: Allows a Pokémon to use the Z-move equivalents of its Flying moves.
827,psychium-z--held,Psychium Z,46,0,Held: Allows a Pokémon to use the Z-move equivalents of its Psychic moves.
828,buginium-z--held,Buginium Z,46,0,Held: Allows a Pokémon to use the Z-move equivalents of its Bug moves.
829,rockium-z--held,Rockium Z,46,0,Held: Allows a Pokémon to use the Z-move equivalents of its Rock moves.
830,ghostium-z--held,Ghostium Z,46,0,Held: Allows a Pokémon to use the Z-move equivalents of its Ghost moves.
831,dragonium-z--held,Dragonium Z,46,0,Held: Allows a Pokémon to use the Z-move equivalents of its Dragon moves.
832,darkinium-z--held,Darkinium Z,46,0,Held: Allows a Pokémon to use the Z-move equivalents of its Dark moves.
833,steelium-z--held,Steelium Z,46,0,Held: Allows a Pokémon to use the Z-move equivalents of its Steel moves.
834,fairium-z--held,Fairium Z,46,0,Held: Allows a Pokémon to use the Z-move equivalents of its Fairy moves.
835,pikanium-z--held,Pikanium Z,46,0,Held: Allows Pikachu to upgrade Volt Tackle into Catastropika.
836,bottle-cap,Bottle Cap,24,5000,Trade to Mr. Hyper to maximize one of a Pokémon's genes.
837,gold-bottle-cap,Gold Bottle Cap,24,10000,Trade to Mr. Hyper to maximize all of a Pokémon's genes.
838,z-ring,Z-Ring,21,0,Allows the player's Pokémon to use Z-moves.
839,decidium-z--held,Decidium Z,46,0,Held: Allows Decidueye to upgrade Spirit Shackle into Sinister Arrow Raid.
840,incinium-z--held,Incinium Z,46,0,Held: Allows Incineroar to upgrade Darkest Lariat into Malicious Moonsault.
841,primarium-z--held,Primarium Z,46,0,Held: Allows Primarina to upgrade Sparkling Aria into Oceanic Operetta.
842,tapunium-z--held,Tapunium Z,46,0,Held: Allows the Tapus to upgrade Nature's Madness into Guardian of Alola.
843,marshadium-z--held,Marshadium Z,46,0,Held: Allows Marshadow to upgrade Spectral Thief into Soul-Stealing 7 Star Strike.
844,aloraichium-z--held,Aloraichium Z,46,0,Held: Allows Alola Raichu to upgrade Thunderbolt into Stoked Sparksurfer.
845,snorlium-z--held,Snorlium Z,46,0,Held: Allows Snorlax to upgrade Giga Impact into Pulverizing Pancake.
846,eevium-z--held,Eevium Z,46,0,Held: Allows Eevee to upgrade Last Resort into Extreme Evoboost.
847,mewnium-z--held,Mewnium Z,46,0,Held: Allows Mew to upgrade Psychic into Genesis Supernova.
877,pikashunium-z--held,Pikashunium Z,46,0,"Held: Allows cap-wearing Pikachu to upgrade Thunderbolt into 10,000,000 Volt Thunderbolt."
878,forage-bag,Forage Bag,21,0,Holds ingredients during Mallow's trial.
879,fishing-rod,Fishing Rod,21,0,Allows the player to fish for Pokémon.
880,professors-mask,Professor’s Mask,22,0,Lost by Professor Kukui.
881,festival-ticket,Festival Ticket,21,10,Hosts a mission in Festival Plaza.
882,sparkling-stone,Sparkling Stone,22,0,Required to obtain a Z-Ring.
883,adrenaline-orb,Adrenaline Orb,12,300,Makes wild Pokémon more likely to summon allies.  Held: increases the holder's Speed by one stage when affected by Intimidate.
884,zygarde-cube,Zygarde Cube,21,0,Contains collected Zygarde cells/cores.  Can teach Zygarde moves.
885,ice-stone,Ice Stone,10,3000,Evolves an Alola Sandshrew into Alola Sandslash or an Alola Vulpix into Alola Ninetales.
886,ride-pager,Ride Pager,23,0,Allows the player to summon a Ride Pokémon.
887,beast-ball,Beast Ball,33,0,Tries to catch a wild Pokémon.  Success rate is 5× for Ultra Beasts and 0.1× for all other Pokémon.
888,big-malasada,Big Malasada,30,350,Cures major status ailments and confusion.
889,red-nectar,Red Nectar,18,300,Changes Oricorio to Baile Style.
890,yellow-nectar,Yellow Nectar,18,300,Changes Oricorio to Pom-Pom Style.
891,pink-nectar,Pink Nectar,18,300,Changes Oricorio to Pa’u Style.
892,purple-nectar,Purple Nectar,18,300,Changes Oricorio to Sensu Style.
893,sun-flute,Sun Flute,22,0,Evolves Nebby into Solgaleo when used at the Altar of the Sunne.
894,moon-flute,Moon Flute,22,0,Evolves Nebby into Lunala when used at the Altar of the Moone.
895,enigmatic-card,Enigmatic Card,22,0,Unlocks Looker's motel room on Route 8.
896,terrain-extender,Terrain Extender,12,4000,Held: Extends the holder's Terrain effects to 8 turns.
897,protective-pads,Protective Pads,12,4000,Held: Prevents side effects of contact moves used on the holder.
898,electric-seed,Electric Seed,12,4000,Held: Consumed on Electric Terrain and raises the holder's Defense by one stage.
899,psychic-seed,Psychic Seed,12,4000,Held: Consumed on Psychic Terrain and raises the holder's Special Defense by one stage.
900,misty-seed,Misty Seed,12,4000,Held: Consumed on Misty Terrain and raises the holder's Special Defense by one stage.
901,grassy-seed,Grassy Seed,12,4000,Held: Consumed on Grassy Terrain and raises the holder's Defense by one stage.
902,fighting-memory,Fighting Memory,45,1000,Held: Changes Silvally to its Fighting form.  Changes Multi-Attack's type to Fighting.
903,flying-memory,Flying Memory,45,1000,Held: Changes Silvally to its Flying form.  Changes Multi-Attack's type to Flying.
904,poison-memory,Poison Memory,45,1000,Held: Changes Silvally to its Poison form.  Changes Multi-Attack's type to Poison.
905,ground-memory,Ground Memory,45,1000,Held: Changes Silvally to its Ground form.  Changes Multi-Attack's type to Ground.
906,rock-memory,Rock Memory,45,1000,Held: Changes Silvally to its Rock form.  Changes Multi-Attack's type to Rock.
907,bug-memory,Bug Memory,45,1000,Held: Changes Silvally to its Bug form.  Changes Multi-Attack's type to Bug.
908,ghost-memory,Ghost Memory,45,1000,Held: Changes Silvally to its Ghost form.  Changes Multi-Attack's type to Ghost.
909,steel-memory,Steel Memory,45,1000,Held: Changes Silvally to its Steel form.  Changes Multi-Attack's type to Steel.
910,fire-memory,Fire Memory,45,1000,Held: Changes Silvally to its Fire form.  Changes Multi-Attack's type to Fire.
911,water-memory,Water Memory,45,1000,Held: Changes Silvally to its Water form.  Changes Multi-Attack's type to Water.
912,grass-memory,Grass Memory,45,1000,Held: Changes Silvally to its Grass form.  Changes Multi-Attack's type to Grass.
913,electric-memory,Electric Memory,45,1000,Held: Changes Silvally to its Electric form.  Changes Multi-Attack's type to Electric.
914,psychic-memory,Psychic Memory,45,1000,Held: Changes Silvally to its Psychic form.  Changes Multi-Attack's type to Psychic.
915,ice-memory,Ice Memory,45,1000,Held: Changes Silvally to its Ice form.  Changes Multi-Attack's type to Ice.
916,dragon-memory,Dragon Memory,45,1000,Held: Changes Silvally to its Dragon form.  Changes Multi-Attack's type to Dragon.
917,dark-memory,Dark Memory,45,1000,Held: Changes Silvally to its Dark form.  Changes Multi-Attack's type to Dark.
918,fairy-memory,Fairy Memory,45,1000,Held: Changes Silvally to its Fairy form.  Changes Multi-Attack's type to Fairy.
919,bike--green,Bike,23,0,XXX new effect for bike--green
920,storage-key--galactic-warehouse,Storage Key,23,0,XXX new effect for storage-key--galactic-warehouse
921,basement-key--goldenrod,Basement Key,23,0,XXX new effect for basement-key--goldenrod
922,xtranceiver--red,Xtransceiver,23,0,XXX new effect for xtranceiver--red
923,xtranceiver--yellow,Xtransceiver,23,0,XXX new effect for xtranceiver--yellow
924,dna-splicers--merge,DNA Splicers,23,0,XXX new effect for dna-splicers--merge
925,dna-splicers--split,DNA Splicers,23,0,XXX new effect for dna-splicers--split
926,dropped-item--red,Dropped Item,23,0,XXX new effect for dropped-item--red
927,dropped-item--yellow,Dropped Item,23,0,XXX new effect for dropped-item--yellow
928,holo-caster--green,Holo Caster,23,0,XXX new effect for holo-caster--green
929,bike--yellow,Bike,23,0,XXX new effect for bike--yellow
930,holo-caster--red,Holo Caster,23,0,XXX new effect for holo-caster--red
931,basement-key--new-mauville,Basement Key,23,0,XXX new effect for basement-key--new-mauville
932,storage-key--sea-mauville,Storage Key,23,0,XXX new effect for storage-key--sea-mauville
933,ss-ticket--hoenn,S.S. Ticket,23,0,XXX new effect for ss-ticket--hoenn
934,contest-costume--dress,Contest Costume,23,0,XXX new effect for contest-costume--dress
935,meteorite--2,Meteorite,23,0,XXX new effect for meteorite--2
936,meteorite--3,Meteorite,23,0,XXX new effect for meteorite--3
937,meteorite--4,Meteorite,23,0,XXX new effect for meteorite--4
938,normalium-z--bag,Normalium Z,23,0,XXX new effect for normalium-z--bag
939,firium-z--bag,Firium Z,23,0,XXX new effect for firium-z--bag
940,waterium-z--bag,Waterium Z,23,0,XXX new effect for waterium-z--bag
941,electrium-z--bag,Electrium Z,23,0,XXX new effect for electrium-z--bag
942,grassium-z--bag,Grassium Z,23,0,XXX new effect for grassium-z--bag
943,icium-z--bag,Icium Z,23,0,XXX new effect for icium-z--bag
944,fightinium-z--bag,Fightinium Z,23,0,XXX new effect for fightinium-z--bag
945,poisonium-z--bag,Poisonium Z,23,0,XXX new effect for poisonium-z--bag
946,groundium-z--bag,Groundium Z,23,0,XXX new effect for groundium-z--bag
947,flyinium-z--bag,Flyinium Z,23,0,XXX new effect for flyinium-z--bag
948,psychium-z--bag,Psychium Z,23,0,XXX new effect for psychium-z--bag
949,buginium-z--bag,Buginium Z,23,0,XXX new effect for buginium-z--bag
950,rockium-z--bag,Rockium Z,23,0,XXX new effect for rockium-z--bag
951,ghostium-z--bag,Ghostium Z,23,0,XXX new effect for ghostium-z--bag
952,dragonium-z--bag,Dragonium Z,23,0,XXX new effect for dragonium-z--bag
953,darkinium-z--bag,Darkinium Z,23,0,XXX new effect for darkinium-z--bag
954,steelium-z--bag,Steelium Z,23,0,XXX new effect for steelium-z--bag
955,fairium-z--bag,Fairium Z,23,0,XXX new effect for fairium-z--bag
956,pikanium-z--bag,Pikanium Z,23,0,XXX new effect for pikanium-z--bag
957,decidium-z--bag,Decidium Z,23,0,XXX new effect for decidium-z--bag
958,incinium-z--bag,Incinium Z,23,0,XXX new effect for incinium-z--bag
959,primarium-z--bag,Primarium Z,23,0,XXX new effect for primarium-z--bag
960,tapunium-z--bag,Tapunium Z,23,0,XXX new effect for tapunium-z--bag
961,marshadium-z--bag,Marshadium Z,23,0,XXX new effect for marshadium-z--bag
962,aloraichium-z--bag,Aloraichium Z,23,0,XXX new effect for aloraichium-z--bag
963,snorlium-z--bag,Snorlium Z,23,0,XXX new effect for snorlium-z--bag
964,eevium-z--bag,Eevium Z,23,0,XXX new effect for eevium-z--bag
965,mewnium-z--bag,Mewnium Z,23,0,XXX new effect for mewnium-z--bag
966,pikashunium-z--bag,Pikashunium Z,23,0,XXX new effect for pikashunium-z--bag
967,solganium-z--held,Solganium Z,23,0,XXX new effect for solganium-z--held
968,lunalium-z--held,Lunalium Z,23,0,XXX new effect for lunalium-z--held
969,ultranecrozium-z--held,Ultranecrozium Z,23,0,XXX new effect for ultranecrozium-z--held
970,mimikium-z--held,Mimikium Z,23,0,XXX new effect for mimikium-z--held
971,lycanium-z--held,Lycanium Z,23,0,XXX new effect for lycanium-z--held
972,kommonium-z--held,Kommonium Z,23,0,XXX new effect for kommonium-z--held
973,solganium-z--bag,Solganium Z,23,0,XXX new effect for solganium-z--bag
974,lunalium-z--bag,Lunalium Z,23,0,XXX new effect for lunalium-z--bag
975,ultranecrozium-z--bag,Ultranecrozium Z,23,0,XXX new effect for ultranecrozium-z--bag
976,mimikium-z--bag,Mimikium Z,23,0,XXX new effect for mimikium-z--bag
977,lycanium-z--bag,Lycanium Z,23,0,XXX new effect for lycanium-z--bag
978,kommonium-z--bag,Kommonium Z,23,0,XXX new effect for kommonium-z--bag
979,z-power-ring,Z-Power Ring,23,0,XXX new effect for z-power-ring
980,pink-petal,Pink Petal,23,0,XXX new effect for pink-petal
981,orange-petal,Orange Petal,23,0,XXX new effect for orange-petal
982,blue-petal,Blue Petal,23,0,XXX new effect for blue-petal
983,red-petal,Red Petal,23,0,XXX new effect for red-petal
984,green-petal,Green Petal,23,0,XXX new effect for green-petal
985,yellow-petal,Yellow Petal,23,0,XXX new effect for yellow-petal
986,purple-petal,Purple Petal,23,0,XXX new effect for purple-petal
987,rainbow-flower,Rainbow Flower,23,0,XXX new effect for rainbow-flower
988,surge-badge,Surge Badge,23,0,XXX new effect for surge-badge
989,n-solarizer--merge,N-Solarizer,23,0,XXX new effect for n-solarizer--merge
990,n-lunarizer--merge,N-Lunarizer,23,0,XXX new effect for n-lunarizer--merge
991,n-solarizer--split,N-Solarizer,23,0,XXX new effect for n-solarizer--split
992,n-lunarizer--split,N-Lunarizer,23,0,XXX new effect for n-lunarizer--split
993,ilimas-normalium-z,Ilima’s Normalium Z,23,0,XXX new effect for ilimas-normalium-z
994,left-poke-ball,Left Poké Ball,23,0,XXX new effect for left-poke-ball
995,roto-hatch,Roto Hatch,23,0,XXX new effect for roto-hatch
996,roto-bargain,Roto Bargain,23,0,XXX new effect for roto-bargain
997,roto-prize-money,Roto Prize Money,23,0,XXX new effect for roto-prize-money
998,roto-exp-points,Roto Exp. Points,23,0,XXX new effect for roto-exp-points
999,roto-friendship,Roto Friendship,23,0,XXX new effect for roto-friendship
1000,roto-encounter,Roto Encounter,23,0,XXX new effect for roto-encounter
1001,roto-stealth,Roto Stealth,23,0,XXX new effect for roto-stealth
1002,roto-hp-restore,Roto HP Restore,23,0,XXX new effect for roto-hp-restore
1003,roto-pp-restore,Roto PP Restore,23,0,XXX new effect for roto-pp-restore
1004,roto-boost,Roto Boost,23,0,XXX new effect for roto-boost
1005,roto-catch,Roto Catch,23,0,XXX new effect for roto-catch
